task,id,trial,ori_mean,ori_var,judge,answer,result,judge_rt,line_pos,payoff_sure,payoff_risky,payoff_jitter,choice,choice_rt,option_pos,rating,rating_rt,rating_init,rating_history,iti
solo_prac,62,1,3,32,clockwise,clockwise,correct,2.402564534000703,ca,500,1040,10,risky,1.5614409689987951,rs,5.0,2.640291105999495,4,"[(4, 0.0003628390004450921), (5, 1.6012192999987747), (5, 2.641130442996655)]",0.587230742657197
solo_prac,62,2,3,16,clockwise,clockwise,correct,1.116343688001507,ac,500,940,10,sure,4.390028300000267,rs,2.0,4.509517230999336,5,"[(5, 0.00047643899961258285), (4, 1.4381821649985795), (3, 1.7103057120002632), (2, 4.334396473001107), (2, 4.510304770999937)]",0.5478005128192458
solo_prac,62,3,-3,32,anticlockwise,anticlockwise,correct,1.8260688179980207,ca,500,770,-10,sure,2.7044292410027992,sr,4.0,1.0820442709991767,5,"[(5, 0.00046953000128269196), (4, 0.7951857430016389), (4, 1.082736284002749)]",0.4423038872864555
solo_prac,62,4,3,64,clockwise,clockwise,correct,2.0238616870010446,ca,500,850,0,sure,1.2139187680004397,sr,1.0,1.5237195219997375,5,"[(5, 0.0004821250004169997), (4, 0.5967211140014115), (3, 0.7725404720004008), (2, 0.8845532400009688), (1, 1.2525295400009782), (1, 1.5247216730022046)]",0.45491526784137715
solo_prac,62,5,-3,16,anticlockwise,anticlockwise,correct,1.0555618139987928,ac,500,1400,10,risky,1.4515747379991808,sr,4.0,4.4722058229999675,4,"[(4, 0.00048799599971971475), (5, 1.6572692209992965), (4, 3.592902196000068), (4, 4.47309612999743)]",0.4608423270429972
solo_prac,62,6,-3,8,anticlockwise,anticlockwise,correct,0.7665876039973227,ac,500,590,10,risky,1.0135278269990522,sr,6.0,1.4591107390006073,3,"[(3, 0.0004692720031016506), (4, 0.9163244259980274), (5, 1.028222190998349), (6, 1.1722013469989179), (6, 1.46027598100045)]",0.4636519173037058
solo_prac,62,7,3,8,clockwise,clockwise,correct,2.079953252003179,ca,500,640,0,sure,1.1550422250002157,sr,2.0,3.1154083290020935,6,"[(6, 0.0004853370010096114), (5, 0.5243740879996039), (4, 0.6842492539981322), (3, 0.8442776199990476), (2, 1.1323424539987172), (1, 1.9963585769983183), (2, 2.8604287359994487), (2, 3.116267669000081)]",0.5075238981837027
solo_prac,62,8,-3,64,anticlockwise,anticlockwise,correct,0.8544090799987316,ac,500,700,0,sure,1.099057087001711,sr,2.0,2.1172461560017837,6,"[(6, 0.0005660930000885855), (5, 0.3741568150035164), (4, 0.5341854820035223), (3, 1.2222348810028052), (2, 1.9423019310015661), (2, 2.118219889001921)]",0.4976193279875198
