task,id,trial,ori_mean,ori_var,judge,answer,result,judge_rt,line_pos,payoff_sure,payoff_risky,payoff_jitter,choice,choice_rt,option_pos,rating,rating_rt,rating_init,rating_history,iti
solo_prac,39,1,-3,16,clockwise,anticlockwise,wrong,2.824273672000345,ca,500,1400,10,sure,1.374526646999584,rs,3.0,1.2933148789998086,3,"[(3, 0.00036010899930261075), (3, 1.294497228000182)]",0.597277579675319
solo_prac,39,2,-3,64,clockwise,anticlockwise,wrong,1.4225766780000413,ac,500,1040,10,sure,1.1335520669999823,rs,1.0,1.1097684919986932,4,"[(4, 0.00047556800018355716), (3, 0.37478873200052476), (2, 0.582681034999041), (1, 0.7746541929991508), (1, 1.110593882000103)]",0.5556036879802219
solo_prac,39,3,3,8,clockwise,clockwise,correct,1.443997398000647,ac,500,640,0,sure,1.7764228099986212,sr,5.0,0.9280119319992082,5,"[(5, 0.0004724549999082228), (5, 0.9288999719992717)]",0.4000566382424002
solo_prac,39,4,3,64,clockwise,clockwise,correct,1.122409345000051,ca,500,550,10,sure,1.2438931550004781,sr,5.0,1.167906196000331,5,"[(5, 0.0004943949988955865), (5, 1.16874651299986)]",0.4883225265519605
solo_prac,39,5,3,16,clockwise,clockwise,correct,1.7990726639982313,ac,500,1150,10,risky,1.1735295900016354,rs,6.0,1.5966749540002638,1,"[(1, 0.0004869879994657822), (2, 0.52563637700041), (3, 0.7173897329994361), (4, 0.9096001500001876), (5, 1.0695696679995308), (6, 1.277610368000751), (6, 1.5974281079998036)]",0.5341011066238827
solo_prac,39,6,-3,8,clockwise,anticlockwise,wrong,0.9320926910004346,ca,500,850,0,sure,1.2377346150005906,rs,3.0,1.0185518250000314,4,"[(4, 0.0005657419987983303), (3, 0.5876922530005686), (3, 1.0193479810004646)]",0.5004819528522059
solo_prac,39,7,-3,32,anticlockwise,anticlockwise,correct,1.2731330950009578,ca,500,1540,-10,sure,0.8933873730002233,rs,2.0,1.1834876680004527,6,"[(6, 0.00048321800022677053), (5, 0.2564648110001144), (4, 0.48037228400062304), (3, 0.688433420000365), (2, 0.8965068310008064), (2, 1.1843654620006419)]",0.4829701399939857
solo_prac,39,8,3,32,clockwise,clockwise,correct,1.1566234850015462,ac,500,1270,-10,sure,1.7729765310014045,rs,4.0,1.2447125050002796,6,"[(6, 0.0004751329997816356), (5, 0.7015235250000842), (4, 0.9096097000001464), (4, 1.2455060390002473)]",0.5742787084600195
