task,id,trial,ori_mean,ori_var,judge,answer,result,judge_rt,line_pos,payoff_sure,payoff_risky,payoff_jitter,choice,choice_rt,option_pos,rating,rating_rt,rating_init,rating_history,iti
solo_prac,55,1,3,16,clockwise,clockwise,correct,2.1038858970000547,ac,500,590,0,sure,1.658639102999814,sr,4.0,5.5486714809999285,1,"[(1, 0.00036162600008537993), (2, 3.9975106499998674), (3, 4.157691494999881), (4, 4.445510974999934), (4, 5.54945727900008)]",0.4910562330571059
solo_prac,55,2,-3,32,anticlockwise,anticlockwise,correct,1.3804992029999994,ac,500,1400,-10,sure,2.5325171559998125,rs,3.0,2.8372067550001248,3,"[(3, 0.0005033990000811173), (3, 2.8381818269999712)]",0.5313637709774894
solo_prac,55,3,3,32,clockwise,clockwise,correct,2.952639217000069,ca,500,940,10,sure,1.7057328379999035,sr,2.0,1.820144978999906,2,"[(2, 0.000466883999933998), (2, 1.8209933499999806)]",0.5572935409037039
solo_prac,55,4,3,8,clockwise,clockwise,correct,1.0992779400000927,ac,500,850,0,sure,1.4615053069999249,rs,1.0,2.3380773930000487,3,"[(3, 0.0004682629999024357), (2, 1.4591706869998688), (1, 1.698978451999892), (1, 2.3389541379999628)]",0.4921249431938431
solo_prac,55,5,-3,16,anticlockwise,anticlockwise,correct,1.047849301000042,ac,500,1540,0,sure,2.0056133030000183,sr,2.0,2.98718636600006,2,"[(2, 0.000495429000011427), (2, 2.988175081999998)]",0.5672533175653647
solo_prac,55,6,-3,8,anticlockwise,anticlockwise,correct,1.0640964619999522,ca,500,640,10,risky,1.4444225489999098,sr,5.0,2.1932336709999163,5,"[(5, 0.0004708589999609103), (5, 2.194107142999883)]",0.5724224599325176
solo_prac,55,7,3,64,clockwise,clockwise,correct,1.100783483999976,ca,500,1270,10,sure,0.8881487779999588,rs,1.0,2.954711869999983,5,"[(5, 0.0005034060000070895), (4, 1.2277754960000493), (3, 1.4675740010000027), (2, 1.723509470000181), (1, 2.235695713000041), (1, 2.955653183000095)]",0.5669998565315746
solo_prac,55,8,-3,64,anticlockwise,anticlockwise,correct,2.4305612680000195,ac,500,550,-10,sure,0.5153210979999585,sr,2.0,4.692803392000087,5,"[(5, 0.00047430600011466595), (4, 3.7338542259999485), (3, 3.9738918110001578), (2, 4.197978151000143), (2, 4.693693604000146)]",0.44978652808148967
