task,id,trial,ori_mean,ori_var,judge,answer,result,judge_rt,line_pos,payoff_sure,payoff_risky,payoff_jitter,choice,choice_rt,option_pos,rating,rating_rt,rating_init,rating_history,iti
solo_prac,30,1,-3,32,anticlockwise,anticlockwise,correct,2.6763376870003412,ac,500,1150,10,sure,1.1363670530008676,rs,1.0,5.080851664000875,2,"[(2, 0.00036589999945135787), (1, 3.7537281130007614), (1, 5.08166463499947)]",0.5536603523007854
solo_prac,30,2,-3,64,anticlockwise,anticlockwise,correct,2.4823053199997958,ca,500,1040,0,sure,1.6051760689988441,sr,2.0,2.9398047260001476,1,"[(1, 0.00047633999929530546), (2, 1.8524976260014228), (2, 2.9406541800017294)]",0.5856756858253162
solo_prac,30,3,3,32,clockwise,clockwise,correct,1.6435570639987418,ca,500,590,10,risky,1.9841179000013653,sr,4.0,2.6306618170001457,1,"[(1, 0.00046855899927322753), (2, 1.5916759640003875), (3, 1.9114657680001983), (4, 2.119565024999247), (4, 2.6315355480001017)]",0.553200115932224
solo_prac,30,4,3,64,clockwise,clockwise,correct,1.0891142880009284,ac,500,700,10,sure,1.1646046090008895,sr,3.0,1.1397767069993279,3,"[(3, 0.0004808060002687853), (3, 1.1406707790010842)]",0.5841555965765348
solo_prac,30,5,3,16,anticlockwise,clockwise,wrong,2.399218209000537,ac,500,1540,-10,sure,1.2218836760002887,rs,3.0,2.907594885000435,5,"[(5, 0.0004836549996980466), (4, 1.8844439589993272), (3, 2.332238523998967), (3, 2.9083422679996147)]",0.45682655929560745
solo_prac,30,6,-3,8,anticlockwise,anticlockwise,correct,1.4552651530011644,ac,500,770,10,risky,0.8766399539999838,rs,5.0,1.903072985000108,1,"[(1, 0.00047949800136848353), (2, 0.9600921280016337), (3, 1.1839855190009985), (4, 1.3760287100012647), (5, 1.5520409510008903), (5, 1.9040060680017632)]",0.4771449177240113
solo_prac,30,7,-3,16,anticlockwise,anticlockwise,correct,1.1799373009998817,ca,500,940,10,sure,0.898720791001324,sr,3.0,2.9969001469999057,6,"[(6, 0.00046741900041524787), (5, 1.5735746239988657), (4, 1.7975844059983501), (3, 2.549742332999813), (3, 2.997613198998806)]",0.4768644653119853
solo_prac,30,8,3,8,clockwise,clockwise,correct,1.3644268799998827,ca,500,850,10,risky,0.7728110930002003,sr,5.0,1.0840007360002346,5,"[(5, 0.0004721369987237267), (5, 1.0850143089992343)]",0.48407684908500415
