task,id,trial,ori_mean,ori_var,judge,answer,result,judge_rt,line_pos,payoff_sure,payoff_risky,payoff_jitter,choice,choice_rt,option_pos,rating,rating_rt,rating_init,rating_history,iti
solo_prac,17,1,-3,8,anticlockwise,anticlockwise,correct,2.257525007997174,ca,500,1040,-10,risky,6.222852490001969,rs,3.0,5.419735439998476,4,"[(4, 0.00035716699858312495), (3, 3.9807614929995907), (3, 5.420428940997226)]",0.44238155988535227
solo_prac,17,2,3,8,clockwise,clockwise,correct,5.304845799000759,ca,500,940,-10,sure,1.5797827590031375,rs,4.0,4.0351849460021185,6,"[(6, 0.00046683500113431364), (5, 2.500040734998038), (4, 3.4122299979972013), (4, 4.036000367999804)]",0.5550717507643038
solo_prac,17,3,3,32,anticlockwise,clockwise,wrong,2.8279265299970575,ca,500,640,-10,sure,1.5846424839983229,rs,1.0,1.975731047001318,5,"[(5, 0.0004775460001837928), (4, 0.5527370880008675), (3, 0.8085663390011177), (2, 1.0646786249999423), (1, 1.3525386460023583), (1, 1.9767523240006994)]",0.42995832043192267
solo_prac,17,4,3,64,anticlockwise,clockwise,wrong,2.8511802229986642,ac,500,700,0,sure,1.0009803400025703,rs,1.0,1.7823997160012368,4,"[(4, 0.00046400900100707076), (3, 0.5994033719980507), (2, 0.8714338379977562), (1, 1.1113948950005579), (1, 1.7832998669982771)]",0.4000585661129417
solo_prac,17,5,-3,16,anticlockwise,anticlockwise,correct,2.0539565899998706,ac,500,770,10,sure,1.3703152849993785,sr,2.0,1.6901877199998125,1,"[(1, 0.0004703049999079667), (2, 1.2113200230014627), (2, 1.6910887039994122)]",0.5227471906373349
solo_prac,17,6,-3,64,clockwise,anticlockwise,wrong,2.2184512599997106,ac,500,1540,-10,risky,1.4972198760005995,sr,3.0,4.24306394299856,5,"[(5, 0.0005513440009963233), (4, 0.7561722110003757), (3, 1.092107168999064), (3, 4.244056597999588)]",0.5607166592447373
solo_prac,17,7,-3,32,clockwise,anticlockwise,wrong,2.508732954996958,ac,500,1150,0,risky,1.5356776949993218,rs,3.0,1.6885396340003354,5,"[(5, 0.0004748779974761419), (4, 0.5695070799993118), (3, 0.9374293679975381), (3, 1.689395807999972)]",0.5872242088286608
solo_prac,17,8,3,16,clockwise,clockwise,correct,1.983191753999563,ca,500,1400,10,risky,1.046562957999413,sr,3.0,2.2907527149982343,6,"[(6, 0.0004723800011561252), (5, 0.5639418530008697), (4, 0.8037437759994646), (3, 1.059703286999138), (3, 2.291666527999041)]",0.41554354587627307
