task,id,trial,ori_mean,ori_var,judge,answer,result,judge_rt,line_pos,payoff_sure,payoff_risky,payoff_jitter,choice,choice_rt,option_pos,rating,rating_rt,rating_init,rating_history,iti
solo_prac,46,1,3,32,anticlockwise,clockwise,wrong,6.271055844999864,ac,500,940,10,sure,1.5635347410006943,sr,1.0,5.459318576999976,6,"[(6, 0.00039173300046968507), (5, 2.8842598930004897), (4, 3.748228686999937), (3, 4.036216457000592), (2, 4.356103906000499), (1, 4.692092049000166), (1, 5.460114065000198)]",0.5586904802001876
solo_prac,46,2,-3,8,anticlockwise,anticlockwise,correct,1.4759070669997527,ac,500,1150,-10,risky,0.9433795900004043,sr,5.0,1.838658456000303,1,"[(1, 0.0004715850000138744), (2, 0.7195972509998683), (3, 0.959498555999744), (4, 1.2315096279999125), (5, 1.5035602999996627), (5, 1.8394870080001056)]",0.4275388325812111
solo_prac,46,3,-3,64,clockwise,anticlockwise,wrong,2.6859366549997503,ca,500,700,-10,sure,0.7939815999998245,sr,2.0,1.3762473730002966,1,"[(1, 0.0004707349999080179), (2, 0.5611977349999506), (2, 1.3771228300001894)]",0.4638487880743361
solo_prac,46,4,3,16,clockwise,clockwise,correct,1.5547904670002026,ac,500,1540,10,sure,0.5567870869999751,sr,1.0,1.1647416039995733,3,"[(3, 0.0005272719999993569), (2, 0.4137376320004478), (1, 0.6694145940000453), (1, 1.165572353999778)]",0.40597518035173485
solo_prac,46,5,3,64,anticlockwise,clockwise,wrong,1.0794776430002457,ca,500,640,0,sure,1.6030384460000278,rs,3.0,2.6331466239998917,1,"[(1, 0.00047009700028866064), (2, 0.8419016130001182), (3, 1.3540737220000665), (3, 2.6338688450005066)]",0.4298339967377667
solo_prac,46,6,3,8,clockwise,clockwise,correct,1.2262116809997679,ca,500,590,-10,sure,1.1514573069998733,rs,4.0,1.3040766730000541,1,"[(1, 0.00048421500014228513), (2, 0.32899713200004044), (3, 0.6169492210001408), (4, 0.9048636679999618), (4, 1.3049163080004291)]",0.4089465757278603
solo_prac,46,7,-3,16,anticlockwise,anticlockwise,correct,0.9532830060006745,ac,500,1270,10,sure,1.7548017310000432,rs,3.0,1.6742997319997812,3,"[(3, 0.00048286000037478516), (3, 1.6752250960007586)]",0.5384272873714326
solo_prac,46,8,-3,32,anticlockwise,anticlockwise,correct,1.3578909280004154,ca,500,850,-10,sure,1.3895514680007182,rs,5.0,1.645763516000443,6,"[(6, 0.000474400000712194), (5, 1.0227994979995856), (5, 1.6464911949997258)]",0.5149476353923198
