task,id,trial,ori_mean,ori_var,judge,answer,result,judge_rt,line_pos,payoff_sure,payoff_risky,payoff_jitter,choice,choice_rt,option_pos,rating,rating_rt,rating_init,rating_history,iti
solo_prac,13,1,3,32,anticlockwise,clockwise,wrong,5.282866706998902,ca,500,550,-10,sure,2.5349482969995734,sr,2.0,3.7682343769993167,3,"[(3, 0.000384138000299572), (2, 1.7213658559994656), (2, 3.7690491400007886)]",0.5807092670175539
solo_prac,13,2,-3,32,clockwise,anticlockwise,wrong,2.906243106999682,ca,500,770,10,sure,2.172743862000061,sr,2.0,4.173282886000379,6,"[(6, 0.0004882400007772958), (5, 2.254293455000152), (4, 2.526303294000172), (3, 2.7022475539997686), (2, 2.862329874000352), (2, 4.1743513439996605)]",0.47108283812725976
solo_prac,13,3,-3,64,anticlockwise,anticlockwise,correct,4.398430693001501,ca,500,1150,-10,sure,1.429954646000624,rs,4.0,1.2346906460006721,4,"[(4, 0.00046976100020401645), (4, 1.2356780099999014)]",0.4695127444984315
solo_prac,13,4,-3,8,anticlockwise,anticlockwise,correct,1.6374952219994157,ac,500,1040,10,risky,1.4189034200007882,rs,5.0,2.952590933000465,4,"[(4, 0.0004977389999112347), (5, 1.4655493499994918), (5, 2.953563637998741)]",0.5615126904747184
solo_prac,13,5,3,16,clockwise,clockwise,correct,1.1612242459996196,ca,500,590,-10,sure,3.5681297760002053,sr,6.0,1.0485864389993367,6,"[(6, 0.0004997739997634199), (6, 1.0495698909999192)]",0.5183343596978564
solo_prac,13,6,3,8,clockwise,clockwise,correct,2.1189485939994483,ac,500,940,-10,sure,1.4967367729987018,sr,3.0,3.587048693001634,5,"[(5, 0.0004953649986418895), (4, 1.2201622749998933), (3, 1.6520149869993475), (3, 3.5879137579995586)]",0.4674224149680645
solo_prac,13,7,3,64,clockwise,clockwise,correct,0.825915448998785,ac,500,640,0,sure,1.5678272730001481,sr,2.0,3.638612398999612,2,"[(2, 0.00048822499957168475), (2, 3.639528805999362)]",0.5454801912363558
solo_prac,13,8,-3,16,anticlockwise,anticlockwise,correct,0.9083361030006927,ac,500,1270,10,risky,1.5354272780004976,rs,4.0,3.560287016000075,6,"[(6, 0.00048204099948634394), (5, 1.481293855000331), (4, 1.8492050650002056), (4, 3.5611633819989947)]",0.5076651477328146
