task,id,trial,ori_mean,ori_var,judge,answer,result,judge_rt,line_pos,payoff_sure,payoff_risky,payoff_jitter,choice,choice_rt,option_pos,rating,rating_rt,rating_init,rating_history,iti
solo_prac,34,1,-3,32,anticlockwise,anticlockwise,correct,2.6896389030007413,ca,500,770,10,risky,4.940533961998881,rs,4.0,5.660809168999549,2,"[(2, 0.0003583449979487341), (3, 4.493867282002611), (4, 4.653774849000911), (4, 5.661913301999448)]",0.5394191335403095
solo_prac,34,2,-3,16,anticlockwise,anticlockwise,correct,1.6049206860006962,ca,500,1270,10,risky,1.6428430320011103,rs,5.0,3.5359604730001593,1,"[(1, 0.00047188800090225413), (2, 2.544964204997086), (3, 2.7048745269967185), (4, 2.8810192569981155), (5, 3.024844101997587), (5, 3.5369472279999172)]",0.4064630142448177
solo_prac,34,3,3,8,clockwise,clockwise,correct,1.757902754998213,ac,500,1040,0,risky,1.3256697280012304,rs,5.0,1.9182406580002862,5,"[(5, 0.0005014170019421726), (5, 1.9190645499984385)]",0.40823272168694386
solo_prac,34,4,3,16,clockwise,clockwise,correct,1.1560458870008006,ac,500,640,0,risky,1.8200499450031202,rs,6.0,3.498170315000607,4,"[(4, 0.0005309020016284194), (5, 2.3793815889985126), (6, 2.4750320429993735), (6, 3.499142614000448)]",0.5761569223831627
solo_prac,34,5,3,64,clockwise,clockwise,correct,2.0573359720001463,ca,500,1540,10,risky,2.1243654360005166,rs,4.0,4.509597546002624,1,"[(1, 0.00047420199916814454), (2, 2.8146531120000873), (3, 2.9584638099986478), (4, 3.118536476002191), (4, 4.51036867899893)]",0.4045114335473211
solo_prac,34,6,-3,64,anticlockwise,anticlockwise,correct,1.683665803000622,ac,500,700,-10,sure,1.734718099996826,rs,2.0,5.287108338998223,6,"[(6, 0.0005106769967824221), (5, 3.080020219000289), (4, 3.240005982999719), (3, 3.3519959389996075), (2, 3.816029804002028), (2, 5.2878367680023075)]",0.432387046605646
solo_prac,34,7,3,32,clockwise,clockwise,correct,1.8840944730000047,ca,500,1400,-10,risky,4.023616724000021,sr,3.0,6.508973389998573,4,"[(4, 0.000476203000289388), (3, 1.565826403999381), (2, 1.6941069450003852), (1, 3.5337532510020537), (1, 3.8058644350021495), (2, 5.534052176000841), (3, 5.67786008099938), (3, 6.509713894000015)]",0.4726623997681094
solo_prac,34,8,-3,8,anticlockwise,anticlockwise,correct,2.861844029997883,ca,500,850,-10,sure,2.09781258199655,sr,1.0,2.8845012910023797,2,"[(2, 0.0004958189965691417), (1, 2.085369656000694), (1, 2.885394682001788)]",0.5570235435342795
