task,id,trial,ori_mean,ori_var,judge,answer,result,judge_rt,line_pos,payoff_sure,payoff_risky,payoff_jitter,choice,choice_rt,option_pos,rating,rating_rt,rating_init,rating_history,iti
solo_prac,18,1,3,8,clockwise,clockwise,correct,0.7590805849977187,ac,500,590,10,risky,6.8314806160015,rs,6.0,5.237506796998787,4,"[(4, 0.000356857999577187), (5, 3.846404274001543), (6, 4.342408839002019), (6, 5.238226951001707)]",0.562339813277085
solo_prac,18,2,-3,64,clockwise,anticlockwise,wrong,1.548204799000814,ac,500,1040,-10,sure,1.603801063996798,rs,1.0,3.4193466780016024,1,"[(1, 0.0007670880004297942), (2, 1.6923292389983544), (1, 3.0043072219996247), (1, 3.4200591720000375)]",0.480545267588087
solo_prac,18,3,3,16,clockwise,clockwise,correct,1.7091783579999174,ca,500,1400,-10,risky,1.6789356539993605,rs,2.0,2.626148375999037,1,"[(1, 0.00047015599920996465), (2, 1.843048369999451), (2, 2.626986160001252)]",0.41295167704479124
solo_prac,18,4,3,32,clockwise,clockwise,correct,0.7338068409990228,ac,500,640,-10,sure,1.4788304759968014,rs,3.0,4.273772716001986,3,"[(3, 0.0004752370005007833), (3, 4.2749026819983555)]",0.5283016824866177
solo_prac,18,5,-3,8,anticlockwise,anticlockwise,correct,1.3067881640017731,ca,500,1540,10,risky,0.9886957779999648,sr,5.0,2.0602230440017593,2,"[(2, 0.0004643700012820773), (3, 0.7331151539983694), (4, 1.0850211750002927), (5, 1.629090788999747), (5, 2.0609696449973853)]",0.5978858714362214
solo_prac,18,6,-3,32,anticlockwise,anticlockwise,correct,1.6618761660029122,ac,500,700,10,sure,1.0907950810033071,rs,2.0,1.2287560990007478,2,"[(2, 0.0005119009983900469), (2, 1.2294317179985228)]",0.561757165037344
solo_prac,18,7,-3,16,anticlockwise,anticlockwise,correct,1.3805053039977793,ca,500,770,0,sure,0.8527602039976045,sr,2.0,2.0086411560005217,3,"[(3, 0.0004844979994231835), (2, 1.6735970240006282), (2, 2.0095279530032713)]",0.4543411494335728
solo_prac,18,8,3,64,clockwise,clockwise,correct,0.8755334179986676,ca,500,940,-10,sure,1.2150207049999153,rs,2.0,2.260274999000103,5,"[(5, 0.0004771290005010087), (4, 0.7092934739994234), (3, 0.9332292619983491), (2, 1.1731429069986916), (3, 1.445345265998185), (2, 1.957144119998702), (2, 2.2609236710013647)]",0.5911421063841011
