task,id,trial,ori_mean,ori_var,judge,answer,result,judge_rt,line_pos,payoff_sure,payoff_risky,payoff_jitter,choice,choice_rt,option_pos,rating,rating_rt,rating_init,rating_history,iti
solo_prac,11,1,-3,64,clockwise,anticlockwise,wrong,4.99938135299999,ca,500,590,0,sure,3.3348831030002657,rs,4.0,7.894819043000098,1,"[(1, 0.0003682880001179001), (2, 3.4799704249999195), (3, 3.687768447000053), (4, 4.2317908280001575), (4, 7.895587754000189)]",0.5029360801059465
solo_prac,11,2,-3,8,anticlockwise,anticlockwise,correct,2.064244054000028,ac,500,1150,0,risky,3.476228271999844,rs,5.0,6.543914134999795,1,"[(1, 0.0005158589997336094), (2, 2.320816953999838), (3, 2.448771550999936), (4, 2.9768639499998244), (5, 4.3849506879996625), (5, 6.544779581999592)]",0.5481812661258917
solo_prac,11,3,3,32,clockwise,clockwise,correct,5.891732665999825,ca,500,640,-10,sure,2.655352242999925,rs,3.0,5.291441226000188,4,"[(4, 0.00047227300001395633), (3, 1.6284395879997646), (3, 5.292362599999706)]",0.4390697605018158
solo_prac,11,4,-3,16,anticlockwise,anticlockwise,correct,1.9189222810000501,ca,500,1400,-10,risky,1.3045756269998492,sr,4.0,3.8992773720001423,4,"[(4, 0.0005054659995948896), (4, 3.9002875099999983)]",0.4959086773551075
solo_prac,11,5,3,16,clockwise,clockwise,correct,1.7797872569999527,ca,500,700,0,risky,1.411312014000032,rs,5.0,4.113876506999986,3,"[(3, 0.0004780439999194641), (4, 1.9069031809999615), (5, 3.7787410060000184), (5, 4.114763233999838)]",0.5462317551824692
solo_prac,11,6,-3,32,anticlockwise,anticlockwise,correct,1.9555253170001379,ac,500,940,-10,risky,2.5718185460000313,rs,6.0,5.787852006999856,6,"[(6, 0.00047713799995108275), (6, 5.788666376000037)]",0.5231588011135532
solo_prac,11,7,3,64,clockwise,clockwise,correct,1.4715826339997875,ca,500,550,0,sure,1.9480420670001877,sr,2.0,2.836489360000087,4,"[(4, 0.0005141810001987324), (3, 1.6055806959998336), (2, 2.037330564000058), (2, 2.8373726549998537)]",0.40212074991926733
solo_prac,11,8,3,8,clockwise,clockwise,correct,2.6822943600000144,ac,500,1270,-10,sure,3.205609253000148,rs,2.0,3.0520878090001133,5,"[(5, 0.00047941799994077883), (4, 1.741089281999848), (3, 2.1249933879998935), (2, 2.3810333429996717), (2, 3.053010852999705)]",0.5003074053677355
