task,id,trial,ori_mean,ori_var,judge,answer,result,judge_rt,line_pos,payoff_sure,payoff_risky,payoff_jitter,choice,choice_rt,option_pos,rating,rating_rt,rating_init,rating_history,iti
solo_prac,61,1,3,16,anticlockwise,clockwise,wrong,3.472076690999529,ca,500,1400,0,risky,2.04357769499984,rs,3.0,4.559986312000547,1,"[(1, 0.00037794899981236085), (2, 3.2331127590005053), (3, 4.257072583000991), (3, 4.561055055000907)]",0.5220873926894112
solo_prac,61,2,3,8,clockwise,clockwise,correct,2.2246035040006973,ca,500,940,-10,sure,1.4700841630001378,rs,1.0,3.2404924420006864,2,"[(2, 0.0004666269996960182), (1, 2.633626359001937), (1, 3.2412706360009906)]",0.49027698931713953
solo_prac,61,3,-3,32,anticlockwise,anticlockwise,correct,2.107357923003292,ac,500,590,-10,sure,1.4691088020008465,sr,3.0,3.9925920390014653,6,"[(6, 0.0004789140002685599), (5, 1.8014911700010998), (4, 2.7775234270011424), (3, 3.6254228739999235), (3, 3.993484760001593)]",0.5780888637638945
solo_prac,61,4,-3,64,clockwise,anticlockwise,wrong,1.6973355279988027,ac,500,700,10,sure,1.012720384998829,rs,4.0,2.5460427529978915,6,"[(6, 0.00048521200005779974), (5, 1.7629462170007173), (4, 1.9869280249986332), (4, 2.5470164949983882)]",0.45138535716169803
solo_prac,61,5,3,64,anticlockwise,clockwise,wrong,1.6018878120012232,ac,500,850,-10,sure,1.1771068169982755,sr,1.0,1.2796301849994052,1,"[(1, 0.0004644449982151855), (1, 1.2805761409981642)]",0.5156163047496586
solo_prac,61,6,-3,8,anticlockwise,anticlockwise,correct,1.3786160960007692,ac,500,1150,10,risky,1.2980971790020703,sr,6.0,1.2994002560008084,6,"[(6, 0.00047666200043749996), (6, 1.3003102479997324)]",0.5397336501743788
solo_prac,61,7,-3,16,anticlockwise,anticlockwise,correct,1.4622434600023553,ca,500,770,0,risky,1.5376866299993708,sr,5.0,2.2334674810008437,6,"[(6, 0.00048935400263872), (5, 1.6905047669970372), (5, 2.234392948997993)]",0.499091732346404
solo_prac,61,8,3,32,clockwise,clockwise,correct,1.2277958990016486,ca,500,550,0,risky,1.3443381530014449,rs,1.0,0.8017068500012101,1,"[(1, 0.0004916969992336817), (1, 0.802788947999943)]",0.4013643474666808
