task,id,trial,ori_mean,ori_var,judge,answer,result,judge_rt,line_pos,payoff_sure,payoff_risky,payoff_jitter,choice,choice_rt,option_pos,rating,rating_rt,rating_init,rating_history,iti
solo_prac,4,1,3,64,anticlockwise,clockwise,wrong,1.6582306630007224,ca,500,1540,0,risky,1.807474216000628,sr,5.0,4.654174531000535,2,"[(2, 0.00036663899845734704), (3, 3.567150221000702), (4, 3.8870595400003367), (5, 4.095075045001067), (5, 4.655100554000455)]",0.47961208861602855
solo_prac,4,2,-3,32,anticlockwise,anticlockwise,correct,0.6979483680006524,ac,500,550,10,risky,2.132081929999913,sr,5.0,5.941448629999286,3,"[(3, 0.00047734100007801317), (4, 4.630608837998807), (5, 5.0462240489996475), (5, 5.942243741999846)]",0.537391415869021
solo_prac,4,3,-3,8,anticlockwise,anticlockwise,correct,1.4686740670003928,ca,500,770,-10,sure,1.817221272000097,sr,1.0,3.590332245999889,6,"[(6, 0.00046395000026677735), (5, 1.4630218040001637), (4, 1.6392636170003243), (3, 1.8311181949993625), (2, 1.991050983000605), (1, 2.551252805000331), (1, 3.591346137000073)]",0.5580272460830347
solo_prac,4,4,3,8,anticlockwise,clockwise,wrong,1.5642697450002743,ca,500,1270,-10,sure,1.2364525719985977,rs,3.0,2.36144688999957,6,"[(6, 0.00046198500058380887), (5, 1.5304953570012003), (4, 1.770393882999997), (3, 1.978346435000276), (3, 2.3623222670012183)]",0.5386050355065627
solo_prac,4,5,-3,64,anticlockwise,anticlockwise,correct,1.0439934599999106,ca,500,1150,10,risky,0.5926007670004765,sr,5.0,1.9668863959996088,2,"[(2, 0.0004706580002675764), (3, 1.2318643059988972), (4, 1.4397895479996805), (5, 1.631817722998676), (5, 1.967579157999353)]",0.43780850650219266
solo_prac,4,6,-3,16,anticlockwise,anticlockwise,correct,0.5834494640002958,ac,500,940,-10,risky,0.8388344020004297,sr,4.0,2.075302670000383,1,"[(1, 0.0005281479989207583), (2, 0.44434564000039245), (3, 0.7641130729989527), (4, 1.4842687090003892), (4, 2.0761983129996224)]",0.50052903997101
solo_prac,4,7,3,16,clockwise,clockwise,correct,0.42811654700017243,ac,500,700,-10,sure,1.025325183998575,rs,3.0,1.4387430820006557,2,"[(2, 0.0004809440015378641), (3, 1.1198294299992995), (3, 1.4396321889998944)]",0.5637148376241664
solo_prac,4,8,3,32,anticlockwise,clockwise,wrong,0.8126742309996189,ac,500,640,10,sure,1.1391025470002205,sr,1.0,0.6520325349993072,3,"[(3, 0.00046510699939972255), (2, 0.2530306770004245), (1, 0.4289040040002874), (1, 0.6529067350002151)]",0.48801265599566124
