task,id,trial,ori_mean,ori_var,judge,answer,result,judge_rt,line_pos,payoff_sure,payoff_risky,payoff_jitter,choice,choice_rt,option_pos,rating,rating_rt,rating_init,rating_history,iti
solo_prac,14,1,-3,64,anticlockwise,anticlockwise,correct,2.279193514999861,ac,500,1270,-10,sure,1.9229795880000893,rs,4.0,4.364716017998944,6,"[(6, 0.0003915149991371436), (5, 2.7494594370000414), (4, 2.8934114789990417), (4, 4.3653940339991095)]",0.40682903250510705
solo_prac,14,2,3,8,clockwise,clockwise,correct,2.281053663000421,ac,500,1540,10,risky,1.812667792000866,sr,5.0,5.362624864999816,2,"[(2, 0.0005226760004006792), (3, 3.7796046379990003), (4, 3.9234892259992193), (5, 4.067467830000169), (6, 4.211394021998785), (5, 4.691357234998577), (5, 5.3635358739993535)]",0.400407807943147
solo_prac,14,3,3,32,anticlockwise,clockwise,wrong,0.9788747109996621,ac,500,850,0,sure,1.746374450998701,sr,6.0,3.6664269709999644,4,"[(4, 0.0004943180010741344), (5, 2.1958331539990468), (6, 2.339499194999007), (6, 3.667438028000106)]",0.5003233346779322
solo_prac,14,4,3,64,clockwise,clockwise,correct,1.5735327639995376,ca,500,1040,0,sure,1.597822282999914,rs,2.0,2.883899937000024,6,"[(6, 0.0004801859995495761), (5, 0.8530525949990988), (4, 0.9806014379992121), (3, 1.1409646089996386), (2, 1.268585300000268), (1, 1.4767364639992593), (2, 2.500812238000435), (2, 2.88469388699923)]",0.5398106778651431
solo_prac,14,5,3,16,anticlockwise,clockwise,wrong,1.8443096299997706,ac,500,640,0,sure,2.401115538999875,sr,5.0,2.5199578009996912,3,"[(3, 0.0004997279993403936), (4, 1.4167519580005319), (5, 1.5446986659990216), (5, 2.520743536999362)]",0.5825093511310249
solo_prac,14,6,-3,16,anticlockwise,anticlockwise,correct,2.120718668998961,ac,500,590,10,sure,1.4833696349996899,rs,1.0,1.4620662830002402,1,"[(1, 0.00048046499978227075), (1, 1.4630826259999594)]",0.5112639818636864
solo_prac,14,7,-3,8,anticlockwise,anticlockwise,correct,0.9158658279993688,ac,500,550,10,risky,1.1898120280002331,rs,6.0,1.547899156999847,6,"[(6, 0.00048757700096757617), (6, 1.5487857410007564)]",0.4898937694525761
solo_prac,14,8,-3,32,anticlockwise,anticlockwise,correct,1.1423853110009077,ca,500,1400,10,risky,1.486921125999288,sr,5.0,1.513548526001614,6,"[(6, 0.0004842350008402718), (5, 1.2745720290004101), (5, 1.514393122999536)]",0.4643059933066006
