task,id,trial,ori_mean,ori_var,judge,answer,result,judge_rt,line_pos,payoff_sure,payoff_risky,payoff_jitter,choice,choice_rt,option_pos,rating,rating_rt,rating_init,rating_history,iti
solo_prac,57,1,3,8,clockwise,clockwise,correct,2.765884489999735,ca,500,590,0,risky,3.4295016390005912,sr,6.0,6.6109106820003944,2,"[(2, 0.00035470700004225364), (3, 3.571835190999991), (4, 4.035788314999991), (5, 4.515663090999624), (6, 4.947799080999175), (6, 6.611825991999467)]",0.4495107490825454
solo_prac,57,2,3,16,anticlockwise,clockwise,wrong,2.2548220620001302,ac,500,1540,0,sure,4.427609977000429,sr,3.0,3.5839066190001176,4,"[(4, 0.00047173599978123093), (3, 1.184903413000029), (3, 3.584785033999651)]",0.5943710847947155
solo_prac,57,3,-3,32,anticlockwise,anticlockwise,correct,2.1869621660007397,ca,500,640,0,risky,1.7548923460008155,sr,4.0,6.746786816999702,4,"[(4, 0.0005211629995756084), (4, 6.747767088999353)]",0.4231984092721201
solo_prac,57,4,-3,8,anticlockwise,anticlockwise,correct,0.8038663209999868,ac,500,1150,0,sure,2.7631940960000065,rs,3.0,6.418891385999814,6,"[(6, 0.0004816589998881682), (5, 2.675827408999794), (4, 3.0118560450000587), (3, 4.531994865999877), (3, 6.419810802999564)]",0.5243540899098986
solo_prac,57,5,3,64,anticlockwise,clockwise,wrong,0.7297388460001457,ac,500,850,0,risky,2.003216651999537,sr,5.0,2.617209112000637,6,"[(6, 0.0004660240001612692), (5, 1.6102250839994667), (5, 2.617968468000072)]",0.4858834836586479
solo_prac,57,6,-3,64,clockwise,anticlockwise,wrong,0.7420215090005513,ac,500,1270,10,risky,3.7429461589999846,sr,5.0,3.295161893000113,4,"[(4, 0.0004676550006479374), (3, 1.120139757999823), (4, 2.208124540999961), (5, 2.480034942000202), (5, 3.2961286899999322)]",0.5410710244886769
solo_prac,57,7,3,32,clockwise,clockwise,correct,0.69101640900044,ac,500,940,-10,sure,1.1666471120006463,sr,5.0,2.5024675009999555,6,"[(6, 0.00047435600026801694), (5, 0.8075530020005317), (5, 2.5034250270000484)]",0.4875015499187343
solo_prac,57,8,-3,16,anticlockwise,anticlockwise,correct,0.6460928289998265,ac,500,770,0,sure,0.9148164520001956,sr,2.0,2.1001953140003025,3,"[(3, 0.0004915589997835923), (2, 1.4452472769999076), (2, 2.1010249040000417)]",0.5875003613413312
