task,id,trial,ori_mean,ori_var,judge,answer,result,judge_rt,line_pos,payoff_sure,payoff_risky,payoff_jitter,choice,choice_rt,option_pos,rating,rating_rt,rating_init,rating_history,iti
solo_prac,20,1,3,32,anticlockwise,clockwise,wrong,4.286374436000187,ac,500,1150,0,sure,4.586177467000198,rs,2.0,5.770138916999713,6,"[(6, 0.0004022630000690697), (5, 3.515042672999698), (4, 3.96293753000009), (3, 4.39504350199968), (2, 4.634813720999773), (2, 5.770739214000059)]",0.5179436464356334
solo_prac,20,2,3,64,anticlockwise,clockwise,wrong,1.3870341100000587,ca,500,850,10,sure,2.058661275000304,sr,3.0,7.582562808000148,1,"[(1, 0.00048821699965628795), (2, 5.215447280999797), (3, 5.519342270999914), (3, 7.583309014999941)]",0.4702004764942216
solo_prac,20,3,-3,8,anticlockwise,anticlockwise,correct,4.375342209999872,ac,500,940,0,risky,3.6467570240001805,sr,4.0,1.9552233490003346,2,"[(2, 0.0004951680002704961), (3, 1.124296035000043), (4, 1.4120916390002094), (4, 1.9560111569999208)]",0.5064011621687194
solo_prac,20,4,3,16,clockwise,clockwise,correct,4.009275454999624,ca,500,770,0,sure,1.4547650430004069,sr,4.0,3.882777599000292,1,"[(1, 0.0005233029996816185), (2, 2.0596229130005668), (3, 2.2515921970007184), (4, 2.3957622430007177), (4, 3.8836538660007136)]",0.5986110391293396
solo_prac,20,5,-3,32,anticlockwise,anticlockwise,correct,1.0830547429995931,ca,500,590,0,sure,1.6374428979997901,sr,4.0,3.1153006649992676,4,"[(4, 0.000725122000403644), (4, 3.1161157179994916)]",0.4217934162562867
solo_prac,20,6,-3,16,anticlockwise,anticlockwise,correct,0.869769787000223,ac,500,1270,10,risky,0.9378515890002745,sr,6.0,2.250075019000178,1,"[(1, 0.00048068799969769316), (2, 1.067217736999737), (3, 1.2428342550001616), (4, 1.4189112439999008), (5, 1.59496048300025), (6, 1.7549888230005308), (6, 2.2508905080003387)]",0.49851406594335124
solo_prac,20,7,3,8,clockwise,clockwise,correct,0.9998542240000461,ca,500,1540,10,risky,0.9983647509998264,sr,5.0,2.196077182999943,3,"[(3, 0.000496354999995674), (4, 1.076846351000313), (5, 1.2848830240000098), (5, 2.1967109750003146)]",0.49024467948539335
solo_prac,20,8,-3,64,anticlockwise,anticlockwise,correct,2.2153332719999526,ca,500,700,0,sure,1.621271883999725,sr,4.0,3.5626213340001414,5,"[(5, 0.0005077369996797643), (4, 0.6194815210001252), (3, 1.4036443160002818), (4, 3.1156072679996214), (4, 3.563410873000066)]",0.4218971140832906
