task,id,trial,ori_mean,ori_var,judge,answer,result,judge_rt,line_pos,payoff_sure,payoff_risky,payoff_jitter,choice,choice_rt,option_pos,rating,rating_rt,rating_init,rating_history,iti
solo_prac,5,1,3,8,clockwise,clockwise,correct,1.1540472409997165,ac,500,850,0,risky,1.3864365370009182,sr,6.0,2.249998647999746,6,"[(6, 0.0003790949995163828), (6, 2.2507189810003183)]",0.4328562631985011
solo_prac,5,2,3,32,anticlockwise,clockwise,wrong,2.232860926000285,ca,500,590,-10,sure,1.7028015150008287,sr,3.0,1.9453823160001775,5,"[(5, 0.0004964519994246075), (4, 0.7625626469998679), (3, 1.1144107399995846), (3, 1.9461381429991889)]",0.4338662060624942
solo_prac,5,3,-3,16,anticlockwise,anticlockwise,correct,1.1524733810001635,ca,500,770,10,risky,1.049405736999688,sr,4.0,1.5897424659997341,4,"[(4, 0.0005096020013297675), (4, 1.5907317450000846)]",0.539711577437339
solo_prac,5,4,3,64,clockwise,clockwise,correct,2.1099159339992184,ac,500,1040,10,sure,2.1281223819987645,rs,2.0,2.449057150999579,5,"[(5, 0.00048626199895807076), (4, 0.5622033399995416), (3, 0.7860261069999979), (2, 1.0101308559987956), (2, 2.4498886829987896)]",0.4881933839164233
solo_prac,5,5,-3,32,anticlockwise,anticlockwise,correct,0.8701023789999454,ca,500,940,-10,risky,1.3061519189996034,sr,5.0,1.4837591109990171,3,"[(3, 0.00048146399967663456), (4, 1.0204944770011934), (5, 1.180544530001498), (5, 1.4844793930005835)]",0.5126596753820523
solo_prac,5,6,3,16,clockwise,clockwise,correct,0.9384410980001121,ac,500,1540,0,risky,0.9878331700001581,rs,5.0,1.1306108349999704,4,"[(4, 0.0006071080006222473), (5, 0.6834858610000083), (5, 1.1315604029987298)]",0.4361870655167822
solo_prac,5,7,-3,8,anticlockwise,anticlockwise,correct,1.0930154439993203,ac,500,700,0,risky,0.9441756369997165,sr,6.0,1.3603567049995036,2,"[(2, 0.0005120160003571073), (3, 0.5934162449993892), (4, 0.7534881929987023), (5, 0.9131808689999161), (6, 1.0412786500000948), (6, 1.3611172269993403)]",0.46250597940608995
solo_prac,5,8,-3,64,anticlockwise,anticlockwise,correct,0.8126137479994213,ca,500,1400,-10,risky,1.2831730199995945,sr,3.0,1.0775046969993127,5,"[(5, 0.0004795080003532348), (4, 0.3585951330005628), (3, 0.5664132080000854), (3, 1.0784167720012192)]",0.5818150344173487
