task,id,trial,ori_mean,ori_var,judge,answer,result,judge_rt,line_pos,payoff_sure,payoff_risky,payoff_jitter,choice,choice_rt,option_pos,rating,rating_rt,rating_init,rating_history,iti
solo_prac,36,1,3,8,clockwise,clockwise,correct,1.8814354189998994,ca,500,1150,0,risky,2.0693401149997044,sr,6.0,3.8301007260001825,5,"[(5, 0.0003552190000846167), (6, 2.0231206130001738), (6, 3.831040814000062)]",0.4959721351034793
solo_prac,36,2,3,16,clockwise,clockwise,correct,2.164122495999891,ca,500,1040,10,sure,1.2203778520001833,sr,1.0,2.3288173670002834,2,"[(2, 0.0005052540000178851), (1, 1.017941017999874), (1, 2.32980431399983)]",0.48670658672849976
solo_prac,36,3,-3,16,clockwise,anticlockwise,wrong,0.5925588179998158,ca,500,1400,-10,sure,0.8794398129998626,sr,1.0,2.705860319000294,1,"[(1, 0.000473110000257293), (1, 2.7068712989998858)]",0.5693030789215674
solo_prac,36,4,3,64,clockwise,clockwise,correct,0.8591859389998717,ac,500,590,10,sure,1.9354258149996895,sr,1.0,1.8006253730000026,4,"[(4, 0.000506656000197836), (3, 0.6174619059997895), (2, 0.8413979829997515), (1, 1.0014671949998046), (1, 1.8014287639998656)]",0.5323167693430966
solo_prac,36,5,-3,8,clockwise,anticlockwise,wrong,0.7296363099999326,ca,500,700,0,sure,3.1385942840001917,sr,2.0,1.5470320899999024,2,"[(2, 0.000543519000075321), (2, 1.547819802000049)]",0.4395630020577595
solo_prac,36,6,-3,64,clockwise,anticlockwise,wrong,0.8322126560001379,ac,500,550,10,sure,0.7901083489996381,sr,1.0,1.4992268729997704,6,"[(6, 0.0007075789999362314), (5, 0.49239036600010877), (4, 0.7001868440001999), (3, 0.8760731330003182), (2, 1.036197164999976), (1, 1.196085203000166), (1, 1.5001602170000297)]",0.5647631447590657
solo_prac,36,7,-3,32,clockwise,anticlockwise,wrong,0.9531200410001475,ca,500,850,10,risky,1.0497833720000926,rs,5.0,2.5492479989998174,5,"[(5, 0.00047714299989820574), (5, 2.550000626000383)]",0.4407680410718873
solo_prac,36,8,3,32,clockwise,clockwise,correct,0.7084374720002415,ca,500,1540,10,sure,1.470142949000092,sr,4.0,1.6412813500000993,4,"[(4, 0.0004735440002150426), (4, 1.6423044059997665)]",0.5527429887708698
