task,id,trial,ori_mean,ori_var,judge,answer,result,judge_rt,line_pos,payoff_sure,payoff_risky,payoff_jitter,choice,choice_rt,option_pos,rating,rating_rt,rating_init,rating_history,iti
solo_prac,43,1,3,16,clockwise,clockwise,correct,1.5005612229979306,ca,500,1540,-10,risky,2.32668769600059,sr,5.0,5.407832120999956,6,"[(6, 0.0003543800012266729), (5, 3.50468627599912), (5, 5.40881309299948)]",0.4573680056977048
solo_prac,43,2,3,64,clockwise,clockwise,correct,2.3027610409990302,ca,500,850,10,sure,1.5456461229987326,rs,1.0,3.601711275001435,5,"[(5, 0.0004879459993389901), (4, 1.8266812479996588), (3, 2.098786234000727), (2, 2.3065386960006435), (1, 2.6105391510027403), (1, 3.602664645000914)]",0.4869904915693824
solo_prac,43,3,-3,32,anticlockwise,anticlockwise,correct,1.195671546000085,ac,500,550,10,sure,2.242606291001721,rs,4.0,2.2548930720004137,5,"[(5, 0.000488634999783244), (4, 1.4559059310013254), (4, 2.255839069999638)]",0.4378449194290796
solo_prac,43,4,-3,8,anticlockwise,anticlockwise,correct,0.7006145759987703,ac,500,640,-10,risky,1.0469075170003634,rs,5.0,1.8108694139991712,4,"[(4, 0.0004944059983245097), (5, 1.2357144839988905), (5, 1.8117213609984901)]",0.47183294313760865
solo_prac,43,5,3,32,anticlockwise,clockwise,wrong,1.220475701000396,ca,500,1040,10,sure,2.777643575998809,sr,3.0,3.2644143319994328,5,"[(5, 0.0004932619995088317), (4, 0.8653074609974283), (3, 1.1693627899985586), (2, 1.361177349997888), (3, 2.513260473999253), (3, 3.265211158999591)]",0.4361730665575533
solo_prac,43,6,-3,64,anticlockwise,anticlockwise,correct,1.0652549830010685,ca,500,1400,0,risky,2.54939953199937,rs,2.0,1.3655911550013116,1,"[(1, 0.0004972609967808239), (2, 0.7907351680005377), (2, 1.3664576509981998)]",0.4008655283811698
solo_prac,43,7,-3,16,anticlockwise,anticlockwise,correct,0.7543365510027797,ac,500,770,10,risky,2.778261024002859,sr,5.0,2.993856377001066,6,"[(6, 0.0004931660005240701), (5, 0.9467536480005947), (5, 2.9948316750014783)]",0.5878150296419441
solo_prac,43,8,3,8,clockwise,clockwise,correct,0.9293676370034518,ca,500,590,-10,sure,1.4592630469996948,rs,3.0,2.5750068790002842,4,"[(4, 0.000487796998640988), (3, 0.9598810400020739), (3, 2.5759986769990064)]",0.4736047035842604
