task,id,trial,ori_mean,ori_var,judge,answer,result,judge_rt,line_pos,payoff_sure,payoff_risky,payoff_jitter,choice,choice_rt,option_pos,rating,rating_rt,rating_init,rating_history,iti
solo_prac,45,1,-3,64,anticlockwise,anticlockwise,correct,4.913859497999965,ac,500,590,0,sure,2.948371606999899,rs,3.0,10.40376181800002,1,"[(1, 0.00036228899989509955), (2, 4.532940222999969), (3, 4.756600015999993), (4, 4.964653835999798), (5, 5.124578141999791), (4, 8.78864224500012), (3, 9.316835138999977), (3, 10.40459511400013)]",0.4713807129657113
solo_prac,45,2,3,32,anticlockwise,clockwise,wrong,7.081070082999759,ac,500,1400,10,sure,1.7657804589998705,rs,1.0,3.2210488759997133,3,"[(3, 0.0005062699997324671), (2, 1.8458053300000756), (1, 2.0539667930001997), (1, 3.2220112410000183)]",0.5625837619117592
solo_prac,45,3,-3,8,anticlockwise,anticlockwise,correct,1.2250835209997604,ac,500,550,-10,risky,2.302396757000224,rs,6.0,2.392321885000001,6,"[(6, 0.00047754299976077164), (6, 2.3933285060002163)]",0.5551093340609756
solo_prac,45,4,3,64,clockwise,clockwise,correct,3.2978547849997994,ac,500,1270,10,sure,1.8764099830000305,rs,4.0,4.6396907719999945,2,"[(2, 0.0005061679999016633), (3, 2.3045428650002577), (4, 2.816450303000238), (4, 4.6407489950001946)]",0.42919218142485316
solo_prac,45,5,-3,32,anticlockwise,anticlockwise,correct,0.8445663480001713,ac,500,700,10,risky,0.8337526150003214,rs,5.0,2.3897599560000344,4,"[(4, 0.00048117300002559205), (5, 1.8468505370001367), (5, 2.3907724710002185)]",0.503441539652937
solo_prac,45,6,-3,16,anticlockwise,anticlockwise,correct,2.443390093999824,ca,500,1040,10,risky,1.15259342499985,sr,4.0,3.2876898559998153,5,"[(5, 0.00047463999999308726), (4, 3.0006965890001993), (4, 3.2885457620000125)]",0.5285072294401759
solo_prac,45,7,3,16,clockwise,clockwise,correct,2.2032545080001,ca,500,1150,0,sure,3.3856984160001957,rs,2.0,1.513001925000026,2,"[(2, 0.0004924790000586654), (2, 1.5136781520000113)]",0.5099414005531291
solo_prac,45,8,3,8,clockwise,clockwise,correct,1.6343930039997758,ca,500,770,10,risky,1.1106788170000073,rs,5.0,2.480086974000187,4,"[(4, 0.0005239920001258724), (5, 1.4731598669995947), (5, 2.4810402009998143)]",0.509188596810477
