task,id,trial,ori_mean,ori_var,judge,answer,result,judge_rt,line_pos,payoff_sure,payoff_risky,payoff_jitter,choice,choice_rt,option_pos,rating,rating_rt,rating_init,rating_history,iti
solo_prac,42,1,-3,8,anticlockwise,anticlockwise,correct,1.1223408250007196,ca,500,940,-10,sure,1.6593948590016225,rs,3.0,3.982674393999332,4,"[(4, 0.0003762479973374866), (3, 2.3359591299995373), (3, 3.983869911000511)]",0.4459514893755674
solo_prac,42,2,-3,32,anticlockwise,anticlockwise,correct,2.6809142809979676,ca,500,850,-10,sure,2.0841540250003163,sr,4.0,7.927084285001911,6,"[(6, 0.00046918999942135997), (5, 3.33614304799994), (4, 3.559999298002367), (3, 4.648265703002835), (4, 6.760090457002661), (4, 7.928074847000971)]",0.4542027710324512
solo_prac,42,3,-3,16,anticlockwise,anticlockwise,correct,0.884875159998046,ca,500,1540,0,risky,2.087631207999948,rs,4.0,3.066815467998822,3,"[(3, 0.0005518289981409907), (4, 2.2198376650012506), (4, 3.067546838999988)]",0.42063887728046323
solo_prac,42,4,3,8,clockwise,clockwise,correct,1.1571420639993448,ac,500,1040,-10,risky,1.2767163179996714,rs,5.0,3.56728908399964,3,"[(3, 0.00048335800238419324), (4, 1.2483093470000313), (5, 1.4081940309988568), (5, 3.5682477570007904)]",0.5707390928897423
solo_prac,42,5,3,32,anticlockwise,clockwise,wrong,0.9040986990003148,ca,500,640,-10,sure,1.050020652000967,sr,2.0,2.8065291089988023,4,"[(4, 0.00046341299821506254), (3, 0.7756435180017434), (2, 1.015456880999409), (1, 1.287478189002286), (2, 1.847587587999442), (2, 2.807544521001546)]",0.5069043365908437
solo_prac,42,6,-3,64,anticlockwise,anticlockwise,correct,1.2582004460018652,ac,500,590,10,sure,0.829901119999704,sr,1.0,1.8898672070026805,2,"[(2, 0.000473798001621617), (1, 0.6108387469976151), (1, 1.8907715229979658)]",0.5749630298566458
solo_prac,42,7,3,64,clockwise,clockwise,correct,0.6843261110007006,ac,500,1150,10,sure,1.176080795998132,rs,2.0,1.869906218998949,2,"[(2, 0.0004799739981535822), (2, 1.8712701969998307)]",0.5245887767762785
solo_prac,42,8,3,16,anticlockwise,clockwise,wrong,1.1292216010006086,ca,500,550,0,sure,1.313901227000315,sr,2.0,6.2759121599992795,4,"[(4, 0.00047491099758190103), (3, 0.8529741409984126), (2, 1.2849120930004574), (1, 1.5408852600012324), (2, 2.484958427001402), (3, 2.916678404999402), (2, 6.0049429569990025), (2, 6.276771545999509)]",0.5618379904377889
