task,id,trial,ori_mean,ori_var,judge,answer,result,judge_rt,line_pos,payoff_sure,payoff_risky,payoff_jitter,choice,choice_rt,option_pos,rating,rating_rt,rating_init,rating_history,iti
solo_prac,37,1,3,64,anticlockwise,clockwise,wrong,0.8797392429996762,ac,500,1040,-10,sure,1.0905260750005255,sr,1.0,10.701954373000262,2,"[(2, 0.00035576099980971776), (1, 10.382893238999714), (1, 10.702713091000078)]",0.5149821421333314
solo_prac,37,2,-3,8,anticlockwise,anticlockwise,correct,1.0182599949994255,ac,500,550,10,risky,1.3368047330004629,rs,5.0,2.8257269309997355,3,"[(3, 0.0004724299997178605), (4, 2.0424459189998743), (5, 2.2664199620003274), (5, 2.8265574060005747)]",0.4904562477044445
solo_prac,37,3,-3,32,anticlockwise,anticlockwise,correct,0.9570567969994954,ac,500,940,0,sure,1.1656243580000591,sr,2.0,2.2296678960001373,4,"[(4, 0.0004728459998659673), (3, 1.5426747700003034), (2, 1.9425688629999058), (2, 2.2305524060002426)]",0.5535699311376188
solo_prac,37,4,3,16,clockwise,clockwise,correct,1.009088826000152,ac,500,1540,-10,risky,0.5273282299995117,sr,5.0,2.3363131290007004,1,"[(1, 0.0004737609997391701), (2, 1.3610821050006052), (3, 1.5690141949999088), (4, 1.6970176940003512), (5, 1.9210273660000894), (5, 2.337153027000568)]",0.5547911889707066
solo_prac,37,5,3,8,clockwise,clockwise,correct,0.7488989289995516,ac,500,1150,0,risky,0.9659759569995003,rs,6.0,1.3654210519998742,5,"[(5, 0.00048531799984630197), (6, 0.99834374799957), (6, 1.3663892380000107)]",0.42371865040832507
solo_prac,37,6,-3,16,clockwise,anticlockwise,wrong,1.0583142989999033,ac,500,1400,10,sure,0.9590383519998795,rs,1.0,1.6311015589999442,3,"[(3, 0.0004854140006500529), (2, 1.1361658859996169), (1, 1.3920314199995119), (1, 1.631900458999553)]",0.5918786968967141
solo_prac,37,7,3,32,anticlockwise,clockwise,wrong,0.9152032490001147,ca,500,640,0,sure,1.0929695260001608,rs,3.0,1.5830875579995336,5,"[(5, 0.0005014669995944132), (4, 0.9280367619994649), (3, 1.2320476579998285), (3, 1.5840054800000871)]",0.5402784391448807
solo_prac,37,8,-3,64,clockwise,anticlockwise,wrong,0.8578483820001566,ca,500,770,0,sure,0.9417332539997005,sr,1.0,1.0875422189992605,2,"[(2, 0.00047977400026866235), (1, 0.8486421000006885), (1, 1.0882686370005104)]",0.44329012456849387
