task,id,trial,ori_mean,ori_var,judge,answer,result,judge_rt,line_pos,payoff_sure,payoff_risky,payoff_jitter,choice,choice_rt,option_pos,rating,rating_rt,rating_init,rating_history,iti
solo_prac,2,1,3,64,anticlockwise,clockwise,wrong,2.645504926000285,ac,500,1540,10,risky,1.9070903030005866,sr,3.0,3.196699449999869,3,"[(3, 0.00035899900012736907), (3, 3.197553830000288)]",0.5963497570583598
solo_prac,2,2,-3,8,anticlockwise,anticlockwise,correct,1.362498561999928,ac,500,590,0,sure,1.6183543460001601,sr,2.0,2.408662116999949,4,"[(4, 0.0004656199998862576), (3, 1.4494245670002783), (2, 1.8655388289998882), (2, 2.409366971000054)]",0.5591866211287888
solo_prac,2,3,3,32,clockwise,clockwise,correct,0.987655301999439,ca,500,640,-10,sure,1.4522555690000445,sr,1.0,1.5599345350001386,4,"[(4, 0.0004800059996341588), (3, 0.6809312549994502), (2, 0.9048577219991785), (1, 1.1446866009991936), (1, 1.560642727999948)]",0.5451485971547976
solo_prac,2,4,-3,64,clockwise,anticlockwise,wrong,0.7680907369995111,ca,500,1040,-10,risky,0.7926169479997043,rs,2.0,0.479328538000118,2,"[(2, 0.0005057719999967958), (2, 0.480202014000497)]",0.48089299077032405
solo_prac,2,5,-3,16,anticlockwise,anticlockwise,correct,1.5831007870001486,ca,500,700,0,sure,0.7918037570007073,sr,1.0,2.3339295860005222,2,"[(2, 0.000468501999421278), (1, 1.966949642000145), (1, 2.334833703000186)]",0.5856068945474079
solo_prac,2,6,3,16,clockwise,clockwise,correct,0.7291261099999247,ca,500,550,0,sure,1.6184020499995313,rs,5.0,3.544529781000165,6,"[(6, 0.0004731859999083099), (5, 2.809432603999994), (5, 3.5454693470001075)]",0.446022263056876
solo_prac,2,7,3,8,clockwise,clockwise,correct,0.8045942769995236,ac,500,770,10,risky,1.258668719000525,rs,5.0,1.5344253519997437,4,"[(4, 0.0005063790003987378), (5, 1.2155953199999203), (5, 1.535217690000536)]",0.4299358684590313
solo_prac,2,8,-3,32,clockwise,anticlockwise,wrong,0.7133442129998002,ac,500,1270,-10,risky,0.83580210800028,rs,5.0,1.1121403590004775,5,"[(5, 0.0004984639999747742), (5, 1.1129627929994967)]",0.4698559098146225
