task,id,trial,ori_mean,ori_var,judge,answer,result,judge_rt,line_pos,payoff_sure,payoff_risky,payoff_jitter,choice,choice_rt,option_pos,rating,rating_rt,rating_init,rating_history,iti
solo_prac,1,1,3,8,clockwise,clockwise,correct,2.476657676999821,ca,500,550,0,risky,1.7609987000000729,rs,6.0,3.502488168000127,4,"[(4, 0.00036998299992774264), (5, 2.5274499689999175), (6, 2.735359134999726), (6, 3.503258222000113)]",0.4365886387703968
solo_prac,1,2,3,64,clockwise,clockwise,correct,2.198672699999861,ac,500,1270,-10,risky,1.1734974820001298,rs,4.0,5.742022240999631,6,"[(6, 0.0004700660001617507), (5, 4.815055052999924), (4, 5.054851168999903), (4, 5.7427928189999875)]",0.5681857462107381
solo_prac,1,3,-3,16,clockwise,anticlockwise,wrong,1.7895690780001132,ac,500,590,10,risky,1.916618687999744,sr,3.0,3.894651501000226,1,"[(1, 0.0004737300000670075), (1, 2.343446155000038), (2, 2.7115123210001), (3, 2.935527703000389), (3, 3.895375702000365)]",0.5311322953065964
solo_prac,1,4,-3,64,anticlockwise,anticlockwise,correct,2.6126857660001406,ca,500,1400,10,risky,1.4272649619997537,sr,1.0,2.432742824000343,1,"[(1, 0.000470703999781108), (1, 2.43358091600021)]",0.42654200956930644
solo_prac,1,5,3,32,clockwise,clockwise,correct,2.2659607729997333,ca,500,940,-10,risky,0.9497337950001565,sr,5.0,4.614488923999943,1,"[(1, 0.0004714689998763788), (2, 1.8633577599998716), (3, 2.0872386189998906), (4, 2.279329980000057), (5, 3.78342266799973), (5, 4.615337182000076)]",0.4011741657470751
solo_prac,1,6,-3,8,anticlockwise,anticlockwise,correct,1.7171955740000158,ac,500,1540,10,risky,0.984147953000047,sr,2.0,2.102845616000195,2,"[(2, 0.000469349000013608), (2, 2.1037561390003248)]",0.4787170623714416
solo_prac,1,7,-3,32,anticlockwise,anticlockwise,correct,1.2441413659998943,ca,500,1150,-10,risky,0.7688267060002545,rs,3.0,2.9843569730001036,4,"[(4, 0.0004944810002598388), (3, 1.4492468389998976), (2, 1.7212164269999448), (3, 2.2490331779999906), (3, 2.985190970000076)]",0.4426211254966136
solo_prac,1,8,3,16,anticlockwise,clockwise,wrong,1.7212716300000466,ac,500,850,10,risky,1.2599205080000502,sr,1.0,2.0150098320000325,4,"[(4, 0.00048156599996218574), (3, 1.1358982470001138), (2, 1.3597667590001947), (1, 1.615875626000161), (1, 2.0158402480001314)]",0.4718691291920547
