task,id,trial,ori_mean,ori_var,judge,answer,result,judge_rt,line_pos,payoff_sure,payoff_risky,payoff_jitter,choice,choice_rt,option_pos,rating,rating_rt,rating_init,rating_history,iti
solo_prac,63,1,3,16,clockwise,clockwise,correct,1.7352596119999362,ac,500,1540,-10,risky,3.2250997369992547,rs,5.0,7.118482498000958,3,"[(3, 0.00035823900179821067), (4, 2.9755524009997316), (5, 3.4395018730028823), (4, 5.711290087001544), (5, 6.68729455400171), (5, 7.1192708689995925)]",0.4784658465707078
solo_prac,63,2,3,32,clockwise,clockwise,correct,2.1669564900003024,ac,500,640,-10,sure,1.976071517001401,rs,3.0,3.391455593999126,6,"[(6, 0.0004949479989591055), (5, 1.4403806079972128), (4, 1.792432097998244), (3, 2.0964432989967463), (3, 3.3924358249969373)]",0.5726913705149339
solo_prac,63,3,-3,32,clockwise,anticlockwise,wrong,2.9293195300015213,ca,500,940,-10,sure,1.2515623799990863,rs,2.0,3.5597514679975575,3,"[(3, 0.0004690950008807704), (2, 1.4968311169977824), (2, 3.56058523899992)]",0.42568652793211786
solo_prac,63,4,-3,8,anticlockwise,anticlockwise,correct,1.0704282469996542,ac,500,1150,-10,risky,1.1943599599981098,rs,5.0,3.21599058600259,2,"[(2, 0.0004643360007321462), (3, 1.8090270560023782), (4, 2.112955029002478), (5, 2.5449542999995174), (5, 3.216924216001644)]",0.5380118057652977
solo_prac,63,5,-3,16,clockwise,anticlockwise,wrong,1.9882494329976907,ac,500,770,10,sure,0.6677437739999732,sr,2.0,3.047726106000482,6,"[(6, 0.00046845399992889725), (5, 1.5927463390034973), (4, 1.9126653510029428), (3, 2.152738478001993), (2, 2.3926593010000943), (2, 3.048464433002664)]",0.5740510079096952
solo_prac,63,6,3,8,clockwise,clockwise,correct,1.2185226760011574,ac,500,590,0,sure,1.816553708002175,sr,2.0,3.541948689002311,5,"[(5, 0.0005598390016530175), (4, 1.878948641999159), (3, 2.1189610170004016), (2, 2.326916010999412), (2, 3.542976455002645)]",0.5575571262922636
solo_prac,63,7,-3,64,anticlockwise,anticlockwise,correct,1.5160160259983968,ac,500,1270,10,sure,1.2229874000004202,sr,1.0,1.1325964360003127,1,"[(1, 0.00047940299918991514), (1, 1.1335829569979978)]",0.5771153550670666
solo_prac,63,8,3,64,clockwise,clockwise,correct,1.6537945089985442,ac,500,700,10,sure,1.5468135909977718,rs,1.0,2.4502053260002867,2,"[(2, 0.000480970000353409), (1, 1.1394001379994734), (1, 2.4511429039994255)]",0.5115594009128928
