task,id,trial,ori_mean,ori_var,judge,answer,result,judge_rt,line_pos,payoff_sure,payoff_risky,payoff_jitter,choice,choice_rt,option_pos,rating,rating_rt,rating_init,rating_history,iti
solo_prac,15,1,3,16,clockwise,clockwise,correct,2.4333294899988687,ca,500,1150,0,risky,1.270858378999037,rs,3.0,5.866373130000284,2,"[(2, 0.00035358700006327126), (3, 3.3554685190010787), (2, 4.587290094001219), (3, 5.57926268600022), (3, 5.867273810001279)]",0.5858770176217751
solo_prac,15,2,-3,32,anticlockwise,anticlockwise,correct,3.7339802229998895,ca,500,1270,10,sure,1.3358360109996283,rs,1.0,1.5292533959982393,1,"[(1, 0.0005054840003140271), (1, 1.530157388000589)]",0.5279584010270026
solo_prac,15,3,-3,64,clockwise,anticlockwise,wrong,2.036424297000849,ca,500,640,0,sure,1.6575866989987844,sr,2.0,4.478449146001367,3,"[(3, 0.0005056909994891612), (2, 2.607445669000299), (1, 3.4714285299996845), (2, 4.047623862999899), (2, 4.47937043300044)]",0.4589473644316153
solo_prac,15,4,3,8,anticlockwise,clockwise,wrong,1.1046860049991665,ca,500,850,0,sure,1.3720208249997086,rs,2.0,1.387396283000271,3,"[(3, 0.0004695839998021256), (2, 0.9244884600011574), (2, 1.3883711870003026)]",0.5132073810384548
solo_prac,15,5,-3,16,clockwise,anticlockwise,wrong,0.919549864000146,ac,500,590,10,sure,0.9694753150015458,sr,1.0,3.337362297999789,5,"[(5, 0.0004776660007337341), (4, 0.8583741679995001), (3, 1.9464174839995394), (2, 2.4901991429996997), (1, 2.9542940379997162), (1, 3.3381642700005614)]",0.5836677941629164
solo_prac,15,6,3,64,clockwise,clockwise,correct,0.7786009460014611,ca,500,1040,0,sure,0.8819083899998077,rs,4.0,0.13251933499850566,4,"[(4, 0.0004872289991908474), (4, 0.1333354660000623)]",0.510499505528625
solo_prac,15,7,-3,8,anticlockwise,anticlockwise,correct,0.8706000370002585,ca,500,550,-10,sure,1.3860947789999045,rs,5.0,2.5053837270006625,6,"[(6, 0.00051164499927836), (5, 0.9704015820007044), (4, 1.6104558540009748), (5, 2.2663990460005152), (5, 2.5063232090014935)]",0.4999980543803522
solo_prac,15,8,3,32,clockwise,clockwise,correct,0.8003636480007117,ca,500,1540,10,risky,0.7270952719991328,rs,5.0,1.2964046329998382,3,"[(3, 0.00061939999977767), (4, 0.6413709670014214), (5, 0.8651514550001593), (5, 1.2973557590012206)]",0.4044899986282947
