task,id,trial,ori_mean,ori_var,judge,answer,result,judge_rt,line_pos,payoff_sure,payoff_risky,payoff_jitter,choice,choice_rt,option_pos,rating,rating_rt,rating_init,rating_history,iti
solo_prac,47,1,-3,32,clockwise,anticlockwise,wrong,3.744005554999603,ac,500,1540,-10,sure,3.0574628080003095,rs,4.0,4.174315664999995,5,"[(5, 0.00036538899985316675), (4, 3.519344612000168), (4, 4.175096476000363)]",0.4392062211456356
solo_prac,47,2,-3,64,clockwise,anticlockwise,wrong,1.9658664419994238,ac,500,850,0,sure,2.2132242389998282,sr,5.0,4.5475357280001845,6,"[(6, 0.00047307400018326007), (5, 2.1964437719998386), (5, 4.54841857700012)]",0.522133353516352
solo_prac,47,3,-3,16,anticlockwise,anticlockwise,correct,2.771496482000657,ca,500,550,0,sure,1.5634277859999202,rs,2.0,2.754887033999694,5,"[(5, 0.0004800690003321506), (4, 1.0116189000000304), (3, 1.3158570579998923), (2, 2.387931466999362), (2, 2.75586305699926)]",0.5256967177183255
solo_prac,47,4,-3,8,anticlockwise,anticlockwise,correct,2.0424351179999576,ca,500,1270,10,sure,1.2951870999995663,sr,5.0,3.6982646050000767,3,"[(3, 0.0004757860006066039), (4, 2.115365470999677), (5, 3.1232802550002816), (5, 3.69902422999985)]",0.5285643837374021
solo_prac,47,5,3,16,clockwise,clockwise,correct,1.6243544640001346,ac,500,640,10,sure,0.9896605730000374,sr,6.0,4.475144658999852,2,"[(2, 0.00047471299967583036), (3, 3.1162085599999045), (4, 3.324083516000428), (5, 3.500010140000086), (6, 3.676098228000228), (6, 4.476080614999773)]",0.4249121234286219
solo_prac,47,6,3,8,clockwise,clockwise,correct,1.3782254970001304,ac,500,1150,-10,sure,1.1217763949998698,sr,3.0,4.858666734000508,2,"[(2, 0.0004687450000346871), (3, 3.8996559020006316), (3, 4.859557278000466)]",0.4191130451117882
solo_prac,47,7,3,64,anticlockwise,clockwise,wrong,1.1498301809997429,ac,500,1040,-10,risky,1.8458656929997233,sr,2.0,2.1625903229996766,3,"[(3, 0.000474076000500645), (2, 1.2676649690001796), (2, 2.1635715130005337)]",0.5277745204752495
solo_prac,47,8,3,32,clockwise,clockwise,correct,0.9304910869996093,ac,500,770,10,sure,1.0122748439998759,rs,4.0,1.07369019700036,4,"[(4, 0.0005225009999776375), (4, 1.0746398900000713)]",0.5025184257052052
