task,id,trial,ori_mean,ori_var,judge,answer,result,judge_rt,line_pos,payoff_sure,payoff_risky,payoff_jitter,choice,choice_rt,option_pos,rating,rating_rt,rating_init,rating_history,iti
solo_prac,19,1,-3,32,anticlockwise,anticlockwise,correct,1.3786404729999049,ac,500,700,-10,sure,1.171211988000323,sr,3.0,2.6020398470000146,4,"[(4, 0.0003651780002655869), (3, 0.9868974169999092), (2, 1.5948001020001357), (3, 2.218919571999777), (3, 2.6027673409998897)]",0.5430444462523185
solo_prac,19,2,3,32,clockwise,clockwise,correct,0.7942035319997558,ac,500,1270,0,risky,0.7849135680003201,sr,4.0,0.9840634679999312,3,"[(3, 0.00046413500012931763), (4, 0.6812496880002072), (4, 0.9851851010002974)]",0.47737267782712944
solo_prac,19,3,-3,8,anticlockwise,anticlockwise,correct,0.9980920309999419,ac,500,850,0,risky,1.316698401999929,rs,4.0,0.10144344900027136,4,"[(4, 0.0004679260000557406), (4, 0.10221831200033193)]",0.5463217544589374
solo_prac,19,4,3,64,clockwise,clockwise,correct,1.1617275069997959,ca,500,640,-10,sure,0.9458855069997298,sr,2.0,0.6423264069999277,3,"[(3, 0.00046816200028843014), (2, 0.4032918890002293), (2, 0.643074433000038)]",0.46511204989254806
solo_prac,19,5,3,8,clockwise,clockwise,correct,0.9406294460000026,ca,500,1150,0,risky,0.87848814400013,sr,5.0,0.9455867320002653,3,"[(3, 0.0004656779997276317), (4, 0.594492863999676), (5, 0.7223935389997678), (5, 0.9464301439998053)]",0.5492846854279427
solo_prac,19,6,3,16,clockwise,clockwise,correct,0.7195575929999904,ac,500,770,0,risky,1.2588758130000315,rs,6.0,1.9500323759998537,1,"[(1, 0.0004836529997191974), (2, 0.5910409879998042), (3, 0.7349688219997006), (4, 0.9588183719997687), (5, 1.2151001369998085), (6, 1.4869885869998143), (6, 1.950911614999768)]",0.5532726201754901
solo_prac,19,7,-3,64,clockwise,anticlockwise,wrong,1.256200942000305,ca,500,1400,10,sure,0.8937737629998992,rs,2.0,1.6793111259999023,5,"[(5, 0.0004793000002791814), (4, 1.0403824740001255), (3, 1.2001909310001793), (2, 1.3762383550001687), (2, 1.6802235330001167)]",0.461068986240354
solo_prac,19,8,-3,16,anticlockwise,anticlockwise,correct,0.82309343299994,ac,500,1540,0,risky,0.8120619370001805,sr,5.0,0.8981736750001801,6,"[(6, 0.00048197099977187463), (5, 0.643286210000042), (5, 0.8989209330002268)]",0.4149018188465396
