task,id,trial,ori_mean,ori_var,judge,answer,result,judge_rt,line_pos,payoff_sure,payoff_risky,payoff_jitter,choice,choice_rt,option_pos,rating,rating_rt,rating_init,rating_history,iti
solo_prac,29,1,3,16,clockwise,clockwise,correct,1.0526260130000082,ac,500,700,0,risky,1.210006207999868,rs,5.0,5.199213212000359,6,"[(6, 0.0003738109999176231), (5, 4.5121226829996885), (5, 5.199873423000099)]",0.5107305181313101
solo_prac,29,2,3,32,clockwise,clockwise,correct,1.2836030600001322,ca,500,1400,10,risky,1.0312079779996566,sr,5.0,2.436040766999213,3,"[(3, 0.0005433380001704791), (4, 1.3329862079999657), (5, 1.7010427320001327), (5, 2.4367981949999376)]",0.5864418601080398
solo_prac,29,3,3,8,clockwise,clockwise,correct,0.9403891559995827,ca,500,1150,10,risky,0.8467313990004186,sr,4.0,1.8264611039994634,6,"[(6, 0.00047715400069137104), (5, 0.9953612319995955), (4, 1.267398310000317), (4, 1.8271462880002218)]",0.41942148680067354
solo_prac,29,4,-3,64,anticlockwise,anticlockwise,correct,1.5004229300002407,ac,500,1540,10,sure,0.9681871930006309,rs,2.0,1.447155187000135,2,"[(2, 0.0004688789995270781), (2, 1.4480325969998376)]",0.583268903143147
solo_prac,29,5,-3,16,anticlockwise,anticlockwise,correct,0.775407825000002,ac,500,1270,10,risky,0.7835536029997456,rs,4.0,1.7657584469998255,1,"[(1, 0.0005015639999328414), (2, 0.9346004270000776), (3, 1.0946956519992455), (4, 1.430720876000123), (4, 1.7665670179994777)]",0.4018502598949699
solo_prac,29,6,-3,8,anticlockwise,anticlockwise,correct,2.3564328620004744,ca,500,850,-10,sure,0.9742351169998074,rs,3.0,1.5015440139995917,6,"[(6, 0.0004775399993377505), (5, 0.9423173839995798), (4, 1.118365059000098), (3, 1.2783921669997653), (3, 1.502441087999614)]",0.5386957847835702
solo_prac,29,7,-3,32,anticlockwise,anticlockwise,correct,1.4494445330001327,ac,500,1040,-10,sure,0.5978568990003623,rs,1.0,1.5079431920003117,2,"[(2, 0.0004734149997602799), (1, 1.2688355790005517), (1, 1.5088018639999063)]",0.47251746301966147
solo_prac,29,8,3,64,anticlockwise,clockwise,wrong,2.494554187999711,ac,500,640,0,sure,0.7527286180002193,sr,1.0,1.1606843350000418,4,"[(4, 0.00048424400029034587), (3, 0.6337867470001584), (2, 0.7935447809995821), (1, 0.9695499009994819), (1, 1.1614104139998744)]",0.520155714704801
