task,id,trial,ori_mean,ori_var,judge,answer,result,judge_rt,line_pos,payoff_sure,payoff_risky,payoff_jitter,choice,choice_rt,option_pos,rating,rating_rt,rating_init,rating_history,iti
solo_prac,9,1,3,32,anticlockwise,clockwise,wrong,1.394762425999943,ac,500,1540,10,risky,1.5377217429995653,rs,3.0,4.250139161002153,5,"[(5, 0.0003652199993666727), (4, 1.2111578029980592), (3, 3.6269397840005695), (3, 4.251122593999753)]",0.4762051602300815
solo_prac,9,2,-3,16,anticlockwise,anticlockwise,correct,1.6744892339993385,ca,500,700,0,risky,1.3269148330000462,sr,5.0,1.3917242149982485,5,"[(5, 0.0004725949984276667), (5, 1.3926404029989499)]",0.43019415611504325
solo_prac,9,3,3,64,anticlockwise,clockwise,wrong,1.313721443999384,ac,500,770,-10,sure,0.4996425970020937,rs,2.0,1.7012840930001403,6,"[(6, 0.00046709899834240787), (5, 0.6143321180024941), (4, 0.7903720329995849), (3, 0.9983279160005623), (2, 1.1583579620019009), (2, 1.702208465001604)]",0.43552944616614436
solo_prac,9,4,-3,32,anticlockwise,anticlockwise,correct,1.7648939840000821,ac,500,550,10,sure,0.7732671969970397,sr,2.0,2.940651404998789,5,"[(5, 0.00047288099813158624), (4, 0.3816838340026152), (3, 0.5736549590001232), (2, 0.7175454980024369), (2, 2.9415357950019825)]",0.5788611267890333
solo_prac,9,5,3,8,clockwise,clockwise,correct,1.6114752149987908,ca,500,590,0,risky,2.864438586002507,sr,5.0,1.6210081850003917,4,"[(4, 0.00048317799883079715), (5, 1.078077548998408), (5, 1.6219357499976468)]",0.5645836478421224
solo_prac,9,6,-3,8,anticlockwise,anticlockwise,correct,1.310378396003216,ca,500,1150,0,risky,1.0874963370006299,rs,5.0,1.978630150002573,2,"[(2, 0.000479946997074876), (3, 0.5395771670009708), (4, 0.731487149001623), (5, 0.8914787880021322), (5, 1.979546136000863)]",0.42981273880625104
solo_prac,9,7,-3,64,anticlockwise,anticlockwise,correct,1.0442279919989232,ca,500,940,0,sure,0.48085714300032123,rs,1.0,1.0752907779969973,5,"[(5, 0.0004811949984286912), (4, 0.32424512500074343), (3, 0.5161703539997688), (2, 0.6922859860023891), (1, 0.8522288140011369), (1, 1.0762436559998605)]",0.46428004311572013
solo_prac,9,8,3,16,anticlockwise,clockwise,wrong,2.044232756998099,ac,500,1040,0,risky,1.408951169996726,rs,4.0,0.7825063109994517,3,"[(3, 0.00047086099948501214), (4, 0.38378699399981997), (4, 0.7837290610004857)]",0.5741159388158532
