task,id,trial,ori_mean,ori_var,judge,answer,result,judge_rt,line_pos,payoff_sure,payoff_risky,payoff_jitter,choice,choice_rt,option_pos,rating,rating_rt,rating_init,rating_history,iti
solo_prac,44,1,-3,32,anticlockwise,anticlockwise,correct,3.4563455149996116,ac,500,550,-10,risky,2.4136527059999935,sr,4.0,5.505592858,6,"[(6, 0.00035598099975686637), (5, 4.450340398000208), (4, 4.850428860000193), (4, 5.506427790000089)]",0.5238983033442245
solo_prac,44,2,-3,16,clockwise,anticlockwise,wrong,2.2261299889996735,ca,500,700,0,sure,1.8709446150000986,sr,1.0,1.3540914430000157,1,"[(1, 0.0004932179999741493), (1, 1.3549466279996523)]",0.4041491246088327
solo_prac,44,3,3,8,clockwise,clockwise,correct,1.4698280319998958,ca,500,590,0,risky,1.0018225560002065,rs,3.0,3.1601821849999396,1,"[(1, 0.0004917599999316735), (2, 1.721008030000121), (3, 1.977052489000016), (3, 3.1608927719998974)]",0.4624507857600567
solo_prac,44,4,3,16,clockwise,clockwise,correct,0.818078221000178,ac,500,850,10,risky,0.840750269000182,rs,2.0,1.0206280440002047,2,"[(2, 0.000502661000155058), (2, 1.0212851589999445)]",0.46230553873871183
solo_prac,44,5,-3,8,anticlockwise,anticlockwise,correct,1.0658177280001837,ca,500,1150,0,risky,1.207248576999973,sr,6.0,1.7093206140002621,6,"[(6, 0.0004792139998244238), (6, 1.7101304419998087)]",0.5202611252452168
solo_prac,44,6,3,32,clockwise,clockwise,correct,1.660862280999936,ca,500,940,-10,sure,1.8890148519999457,rs,5.0,1.9953279440001097,5,"[(5, 0.00047379199986608), (5, 1.9961688130001676)]",0.5453715195025891
solo_prac,44,7,3,64,anticlockwise,clockwise,wrong,1.312076586999865,ca,500,1270,-10,risky,1.4420951250003782,sr,4.0,4.399424125999758,2,"[(2, 0.00047209200010911445), (3, 2.1123428070000045), (4, 3.0723062189999837), (4, 4.400290372999734)]",0.5653553543585236
solo_prac,44,8,-3,64,anticlockwise,anticlockwise,correct,1.2105540140000812,ca,500,1400,10,sure,0.9124829880001926,sr,2.0,2.657760647000032,4,"[(4, 0.0004668199999287026), (3, 2.0187379359999795), (2, 2.2905211019997296), (2, 2.6585802360000343)]",0.4013223701241621
