task,id,trial,ori_mean,ori_var,judge,answer,result,judge_rt,line_pos,payoff_sure,payoff_risky,payoff_jitter,choice,choice_rt,option_pos,rating,rating_rt,rating_init,rating_history,iti
solo_prac,27,1,-3,8,anticlockwise,anticlockwise,correct,1.3867061890000514,ac,500,1270,0,risky,2.7467343450002772,rs,4.0,4.625889486000233,1,"[(1, 0.0003511290001370071), (2, 3.3147175770000104), (3, 3.5386208499999157), (4, 3.8267832839997027), (4, 4.626750543000071)]",0.5886389998042132
solo_prac,27,2,3,8,clockwise,clockwise,correct,1.4383920949999265,ca,500,1150,0,risky,1.0050130859999626,sr,4.0,2.330792142000064,3,"[(3, 0.00046306900003401097), (4, 1.3396929509999609), (4, 2.331797615999676)]",0.5265433492449302
solo_prac,27,3,3,16,anticlockwise,clockwise,wrong,2.322497212000144,ac,500,550,-10,sure,1.3245633410001574,rs,2.0,2.125466030000098,4,"[(4, 0.0004656569999497151), (3, 1.2305329460000394), (2, 1.6302076430001762), (2, 2.1263677829997505)]",0.5572637952622109
solo_prac,27,4,-3,16,anticlockwise,anticlockwise,correct,1.0086270369997692,ac,500,700,10,risky,2.175427746999958,rs,4.0,2.014528032999806,5,"[(5, 0.00046075199998085736), (4, 0.8634610340000108), (4, 2.015352195000105)]",0.4885120799376632
solo_prac,27,5,-3,32,clockwise,anticlockwise,wrong,1.4793448909999825,ca,500,940,0,sure,1.619854420000138,rs,2.0,2.008612413999799,6,"[(6, 0.0005638729999191128), (5, 0.4894025899998269), (4, 0.8255335609997019), (3, 1.1454793379998591), (2, 1.4653202729996337), (2, 2.0093671959998574)]",0.42246381901933344
solo_prac,27,6,-3,64,clockwise,anticlockwise,wrong,4.126726221999888,ac,500,850,10,sure,1.9361268960001325,sr,2.0,1.6084498000000167,5,"[(5, 0.0004740730000776239), (4, 0.6973961339999732), (3, 0.9372745320001741), (2, 1.1613038890000098), (2, 1.6092696079999769)]",0.5215670188150299
solo_prac,27,7,3,32,clockwise,clockwise,correct,4.41252722299987,ac,500,770,0,sure,0.9634551539998029,rs,1.0,1.5708907950001958,5,"[(5, 0.0004895299998679548), (4, 0.6277060720003647), (3, 0.8518878810000388), (2, 1.0276004270003796), (1, 1.2197558380003102), (1, 1.57164826799999)]",0.5740473605524945
solo_prac,27,8,3,64,anticlockwise,clockwise,wrong,2.9675411159996656,ca,500,640,0,sure,1.0160822840002766,sr,2.0,1.366253702999984,1,"[(1, 0.0004693309997492179), (2, 1.0791362019999724), (2, 1.3670677099999011)]",0.5642174416247893
