task,id,trial,ori_mean,ori_var,judge,answer,result,judge_rt,line_pos,payoff_sure,payoff_risky,payoff_jitter,choice,choice_rt,option_pos,rating,rating_rt,rating_init,rating_history,iti
solo_prac,41,1,3,32,clockwise,clockwise,correct,2.51839015600126,ca,500,1150,0,risky,3.3527363749999495,rs,3.0,10.681892340999184,2,"[(2, 0.0003534950010362081), (3, 7.594660416998522), (3, 10.682765536999796)]",0.4037414415375917
solo_prac,41,2,3,8,clockwise,clockwise,correct,2.658455202999903,ca,500,1400,-10,risky,0.9594780400002492,rs,5.0,3.8386046630002966,5,"[(5, 0.00047385600191773847), (5, 3.839460590003)]",0.5957023791993822
solo_prac,41,3,-3,32,anticlockwise,anticlockwise,correct,2.4247894170002837,ca,500,1040,10,sure,2.350815731999319,rs,2.0,2.9673813250010426,4,"[(4, 0.0004680520032707136), (3, 2.3283089299984567), (2, 2.5522923929966055), (2, 2.968152649998956)]",0.5988372432344913
solo_prac,41,4,-3,16,anticlockwise,anticlockwise,correct,1.4498140290015726,ca,500,640,-10,risky,3.43083268600094,sr,6.0,2.867769247000979,5,"[(5, 0.0004729130014311522), (6, 2.420509163999668), (6, 2.868504327001574)]",0.43750572083000866
solo_prac,41,5,-3,8,anticlockwise,anticlockwise,correct,2.5979828419986006,ac,500,590,-10,risky,2.3094928659993457,rs,6.0,2.222980557999108,3,"[(3, 0.000471056999231223), (4, 1.3919432220027375), (5, 1.6958404050019453), (6, 1.903947380000318), (6, 2.2237119800010987)]",0.5546083903163689
solo_prac,41,6,3,16,clockwise,clockwise,correct,1.311867644002632,ca,500,770,10,sure,1.0262336250016233,rs,1.0,1.9345502619980834,5,"[(5, 0.00047521899978164583), (4, 1.1514673589990707), (3, 1.32732503599982), (2, 1.471367720998387), (1, 1.6313010749981913), (1, 1.935298996999336)]",0.4352087269494527
solo_prac,41,7,3,64,clockwise,clockwise,correct,1.140943997001159,ca,500,550,-10,sure,1.6302425070025492,sr,1.0,2.4511458849992778,5,"[(5, 0.00047286300105042756), (4, 1.5560278359989752), (3, 1.748005805999128), (2, 1.907916710999416), (1, 2.180025335001119), (1, 2.451843036000355)]",0.5908160572993588
solo_prac,41,8,-3,64,clockwise,anticlockwise,wrong,1.2601902710011927,ac,500,850,0,sure,0.959505247999914,sr,2.0,1.3754710680004791,4,"[(4, 0.00046896700223442167), (3, 0.8163657009972667), (2, 1.0883520119969035), (2, 1.3761660499985737)]",0.41806792044392804
