task,id,trial,ori_mean,ori_var,judge,answer,result,judge_rt,line_pos,payoff_sure,payoff_risky,payoff_jitter,choice,choice_rt,option_pos,rating,rating_rt,rating_init,rating_history,iti
solo_prac,24,1,3,16,clockwise,clockwise,correct,2.202074717999494,ac,500,1270,0,risky,1.0804196110002522,sr,5.0,4.161687154999527,3,"[(3, 0.00036101899968343787), (4, 3.234520510002767), (5, 3.874591206000332), (5, 4.162510084002861)]",0.582453536204355
solo_prac,24,2,-3,16,anticlockwise,anticlockwise,correct,2.0047752459977346,ca,500,1150,10,sure,1.0514657399980933,sr,2.0,2.408084794999013,5,"[(5, 0.0004914160017506219), (4, 1.6408967880015553), (3, 1.8169150430003356), (2, 2.0729289330010943), (2, 2.4088531720008177)]",0.447612227418175
solo_prac,24,3,3,8,clockwise,clockwise,correct,1.854388810999808,ac,500,550,0,risky,2.6828268370009027,rs,6.0,1.861941339000623,5,"[(5, 0.00047207699753926136), (6, 1.3828237170018838), (6, 1.8628450960022747)]",0.4972505482573766
solo_prac,24,4,-3,64,anticlockwise,anticlockwise,correct,1.3763647160012624,ca,500,590,0,sure,1.1843130870001914,rs,2.0,2.0222890990007727,1,"[(1, 0.0004741140000987798), (2, 1.7834395770005358), (2, 2.0231425300007686)]",0.5553312679215182
solo_prac,24,5,-3,8,anticlockwise,anticlockwise,correct,0.9586193799987086,ca,500,1400,10,risky,1.1989382730025682,sr,3.0,2.676991950000229,1,"[(1, 0.0004728559979412239), (2, 1.669915572998434), (3, 2.245955035999941), (3, 2.6779033889979473)]",0.4551604688993755
solo_prac,24,6,3,64,clockwise,clockwise,correct,1.3916922239986889,ca,500,640,-10,sure,0.8471739999986312,rs,3.0,2.2275953399985156,1,"[(1, 0.0004728009989776183), (2, 1.6526134609994187), (3, 1.8925698710008874), (3, 2.2284152130014263)]",0.5117337067254298
solo_prac,24,7,-3,32,clockwise,anticlockwise,wrong,0.8949988549975387,ac,500,770,-10,sure,0.8023110979993362,rs,3.0,3.512439197002095,2,"[(2, 0.0005136239997227676), (3, 2.9691314170013356), (3, 3.513289913000335)]",0.5450724139486388
solo_prac,24,8,3,32,clockwise,clockwise,correct,0.6888981519987283,ac,500,1040,0,risky,0.65239404300155,sr,5.0,1.5763070759967377,6,"[(6, 0.0004887049981334712), (5, 0.7611649250029586), (5, 1.5770357350011182)]",0.5601069975731914
