task,id,trial,ori_mean,ori_var,judge,answer,result,judge_rt,line_pos,payoff_sure,payoff_risky,payoff_jitter,choice,choice_rt,option_pos,rating,rating_rt,rating_init,rating_history,iti
solo_prac,8,1,3,16,clockwise,clockwise,correct,2.081140481001057,ac,500,1270,-10,risky,1.668211992997385,rs,5.0,8.760301481997885,1,"[(1, 0.00035913199826609343), (2, 5.529080977001286), (3, 5.833275618999323), (4, 6.025217301001248), (5, 6.265189284000371), (5, 8.761050828998123)]",0.5306113187118588
solo_prac,8,2,-3,32,anticlockwise,anticlockwise,correct,2.88383450299807,ca,500,550,0,risky,4.759089996998227,sr,6.0,3.5988170220007305,2,"[(2, 0.000492824001412373), (3, 2.111484286000632), (4, 2.319489686997258), (5, 2.5115652339991357), (6, 2.687677783000254), (6, 3.5996206700001494)]",0.4598901357576941
solo_prac,8,3,-3,64,clockwise,anticlockwise,wrong,4.772913279000932,ac,500,770,10,sure,2.4780249789982918,rs,1.0,4.864470052998513,2,"[(2, 0.0004776009991473984), (1, 2.7373215510015143), (1, 4.865157055999589)]",0.5423711959985621
solo_prac,8,4,3,32,anticlockwise,clockwise,wrong,2.374159350001719,ac,500,1150,10,sure,1.4392673650036159,rs,2.0,3.803438864997588,4,"[(4, 0.0004729590000351891), (3, 2.7964031339979556), (2, 3.0044061320004403), (2, 3.8042126869986532)]",0.470515813003493
solo_prac,8,5,3,8,anticlockwise,clockwise,wrong,1.2127580820015282,ca,500,1040,-10,sure,1.346604397000192,sr,3.0,4.467398947002948,5,"[(5, 0.0004882499997620471), (4, 3.1084942749985203), (3, 3.3642544399990584), (3, 4.468062074996851)]",0.45692760618162487
solo_prac,8,6,3,64,anticlockwise,clockwise,wrong,3.860924750002596,ca,500,940,10,sure,3.3451163839999936,sr,4.0,3.281078208001418,1,"[(1, 0.0004849440010730177), (2, 2.1939773199992487), (3, 2.38612288999866), (4, 2.5779874049985665), (4, 3.281923498998367)]",0.5827147230290993
solo_prac,8,7,-3,16,anticlockwise,anticlockwise,correct,0.9312953680018836,ca,500,590,0,sure,1.6046297310022055,rs,2.0,4.459073108999291,4,"[(4, 0.0005108829973323736), (3, 2.156148681002378), (2, 2.3959274440021545), (2, 4.460185358999297)]",0.558558496276078
solo_prac,8,8,-3,8,anticlockwise,anticlockwise,correct,0.9078589900018414,ca,500,1540,0,risky,1.4384019290009746,rs,6.0,3.8193464760006464,5,"[(5, 0.0006136560004961211), (6, 3.500433807999798), (6, 3.820369381999626)]",0.5892665696487678
