task,id,trial,ori_mean,ori_var,judge,answer,result,judge_rt,line_pos,payoff_sure,payoff_risky,payoff_jitter,choice,choice_rt,option_pos,rating,rating_rt,rating_init,rating_history,iti
solo_prac,7,1,-3,8,anticlockwise,anticlockwise,correct,2.6404971170013596,ca,500,1540,10,sure,1.2781124499997532,sr,2.0,6.112945890003175,3,"[(3, 0.0003920820017810911), (2, 4.65813878300105), (2, 6.113884515998507)]",0.43913975580422604
solo_prac,7,2,3,8,clockwise,clockwise,correct,1.9064661949996662,ac,500,590,0,sure,1.3414829229986935,rs,3.0,5.758478864998324,3,"[(3, 0.0004758159993798472), (3, 5.7594680020010856)]",0.533129255262115
solo_prac,7,3,3,32,anticlockwise,clockwise,wrong,1.681650868998986,ca,500,640,-10,sure,1.2542561999980535,sr,2.0,9.625644415998977,5,"[(5, 0.000558105999516556), (4, 4.682669375997648), (3, 5.642710932999762), (2, 5.898484679997637), (1, 6.154648456998984), (2, 7.914591659999132), (2, 9.626541811998322)]",0.4243902985642152
solo_prac,7,4,3,16,anticlockwise,clockwise,wrong,1.3418912050001381,ac,500,850,-10,sure,1.2308591940018232,sr,5.0,3.571929211000679,4,"[(4, 0.00046963299973867834), (5, 1.556826447002095), (5, 3.572707851002633)]",0.5740273711143405
solo_prac,7,5,-3,16,anticlockwise,anticlockwise,correct,2.734309507002763,ca,500,770,-10,sure,1.030942180997954,sr,1.0,4.501001620999887,2,"[(2, 0.00047609499961254187), (1, 3.6060111690021586), (1, 4.501794454001356)]",0.4415576193473922
solo_prac,7,6,-3,64,clockwise,anticlockwise,wrong,0.7914466299989726,ca,500,940,10,sure,1.151030824999907,sr,5.0,6.855159738999646,5,"[(5, 0.00048302600043825805), (4, 2.9360878659972514), (3, 3.207998697998846), (2, 3.464084847997583), (3, 4.9520440559972485), (4, 5.160032218998822), (5, 5.319987887000025), (5, 6.855932079997729)]",0.5024172673119087
solo_prac,7,7,3,64,clockwise,clockwise,correct,1.3429334860011295,ca,500,1270,-10,risky,2.672439406000194,rs,6.0,1.7719407200020214,4,"[(4, 0.0005022020013711881), (5, 0.7810353599998052), (6, 1.0049959600000875), (6, 1.7728846469981363)]",0.41886875445943317
solo_prac,7,8,-3,32,clockwise,anticlockwise,wrong,1.3406251499982318,ac,500,700,0,sure,0.8620126679998066,rs,3.0,1.4572001859996817,5,"[(5, 0.0005144179995113518), (4, 0.6902968779977527), (3, 0.8981496289998177), (3, 1.458162094000727)]",0.4735544513115138
