task,id,trial,order,ori_mean,ori_var,judge,answer,result,judge_rt,line_pos,payoff_solo,payoff_jitter,payoff_group,choice,choice_rt,option_pos,rating,rating_rt,rating_init,rating_history,iti
group_prac,54,1,post,-3,64,clockwise,anticlockwise,wrong,0.9246090289998392,ca,640,10,500,solo,2.7827897789998133,sg,5.0,6.997827691000111,6,"[(6, 0.00035764299991569715), (5, 6.7427517060000355), (5, 6.998591859000044)]",0.5852351138005875
group_prac,54,2,pre,-3,8,anticlockwise,anticlockwise,correct,1.2160308679999616,ca,1400,-10,500,solo,4.705478790000143,sg,5.0,3.6689029660001324,2,"[(2, 0.0005524870002773241), (3, 2.3417676249996475), (4, 2.7255888589997994), (5, 3.1418366660000174), (5, 3.669694378999793)]",0.45923477119204387
group_prac,54,3,post,3,8,clockwise,clockwise,correct,1.2262595279999005,ca,1270,10,500,solo,1.4077083000001949,gs,5.0,1.6936381989999063,3,"[(3, 0.00047939800015228684), (4, 1.0225612160002129), (5, 1.5344865299998673), (5, 1.6943723449999197)]",0.4660650660906838
group_prac,54,4,post,-3,8,anticlockwise,anticlockwise,correct,0.8651930030000585,ac,1040,10,500,solo,1.14080157699982,sg,5.0,1.0218459950001488,5,"[(5, 0.0005088959997010534), (5, 1.022531478000019)]",0.49559099265242507
group_prac,54,5,post,3,16,anticlockwise,clockwise,wrong,1.0719135800000004,ca,590,10,500,group,2.2519176350001544,gs,4.0,2.2652554070000406,6,"[(6, 0.000479744000131177), (5, 1.5462894219999725), (4, 2.0422271209999963), (4, 2.265980647000106)]",0.40303457694802225
group_prac,54,6,post,3,32,clockwise,clockwise,correct,0.8333094039999196,ac,940,-10,500,solo,1.3357509779998509,gs,5.0,1.2720901950001462,5,"[(5, 0.00047149800002443953), (5, 1.272930579000331)]",0.5869672082272112
group_prac,54,7,post,-3,32,anticlockwise,anticlockwise,correct,0.8740661070000897,ac,770,-10,500,group,1.4229801139999836,gs,4.0,1.9807173919998604,2,"[(2, 0.0005012469996472646), (3, 1.3257760829997096), (4, 1.629733166999813), (4, 1.9816191300001265)]",0.5361173541729245
group_prac,54,8,post,-3,16,anticlockwise,anticlockwise,correct,0.7577291000002333,ac,550,10,500,group,1.421914212000047,gs,5.0,0.7638353310003367,5,"[(5, 0.0004698960001405794), (5, 0.7647451420002653)]",0.4648941662649425
group_prac,54,9,post,3,64,clockwise,clockwise,correct,1.5425732610001432,ac,500,10,500,group,1.6318576419998863,sg,2.0,1.0922970199999327,2,"[(2, 0.0005357019999792101), (2, 1.0930931829998372)]",0.4337439730967972
