task,id,trial,order,ori_mean,ori_var,judge,answer,result,judge_rt,line_pos,payoff_solo,payoff_jitter,payoff_group,choice,choice_rt,option_pos,rating,rating_rt,rating_init,rating_history,iti
group_prac,2,1,post,3,32,clockwise,clockwise,correct,1.0641267780010821,ac,1150,10,500,solo,1.5553624169988325,sg,5.0,2.8591966589992808,5,"[(5, 0.000380572000722168), (5, 2.8599908419982967)]",0.4265190036632985
group_prac,2,2,post,-3,64,anticlockwise,anticlockwise,correct,0.9786535329985782,ca,590,-10,500,solo,2.721616284999982,sg,1.0,3.0670242050000525,2,"[(2, 0.00048157099990930874), (1, 2.6199745109988726), (1, 3.067892794999352)]",0.44580479423087155
group_prac,2,3,post,3,16,clockwise,clockwise,correct,1.0817938560012408,ac,850,-10,500,solo,1.1256863189992146,sg,4.0,3.150829572001385,5,"[(5, 0.0004879610005446011), (4, 2.927895708999131), (4, 3.1516982760003884)]",0.4496189287030397
group_prac,2,4,post,3,64,clockwise,clockwise,correct,0.5707312659997115,ac,700,-10,500,solo,1.4672920539996994,gs,6.0,2.262358445001155,3,"[(3, 0.00047897199874569196), (4, 1.4151071500000398), (5, 1.7032596980006929), (6, 2.0552168970007187), (6, 2.263155655000446)]",0.40759785473913807
group_prac,2,5,post,-3,32,anticlockwise,anticlockwise,correct,0.7206626280003547,ac,940,0,500,solo,0.6980601649993332,sg,5.0,2.7242757639996853,1,"[(1, 0.0004788109999935841), (2, 1.4293458350002766), (3, 1.7172658529998444), (4, 1.9893107030002284), (5, 2.2291517820012814), (5, 2.7249895719996857)]",0.5673923740193426
group_prac,2,6,post,-3,16,anticlockwise,anticlockwise,correct,0.7948517770000763,ca,770,10,500,solo,0.5780138809986965,sg,5.0,1.9200403640006698,4,"[(4, 0.0004958709996571997), (5, 1.6650616909992095), (5, 1.92094526999972)]",0.5784325516007481
group_prac,2,7,post,-3,8,anticlockwise,anticlockwise,correct,0.6850445890013361,ac,640,-10,500,solo,0.9046195400005672,gs,3.0,1.4026896199993644,3,"[(3, 0.0005587079995166278), (3, 1.4037215160005871)]",0.4239695824425668
group_prac,2,8,pre,-3,64,anticlockwise,anticlockwise,correct,0.6522430639997765,ca,500,0,500,solo,5.0014276140009315,gs,2.0,2.5360616850011866,3,"[(3, 0.0004891330008831574), (2, 1.992942712000513), (2, 2.5368136780016357)]",0.4017524167433327
group_prac,2,9,post,3,8,clockwise,clockwise,correct,0.7140031670005555,ca,550,0,500,solo,1.2847001520003687,gs,4.0,2.2152122339994094,3,"[(3, 0.0004822909995709779), (4, 1.8959088270003122), (4, 2.216101649000848)]",0.48517065300158574
