task,id,trial,order,ori_mean,ori_var,judge,answer,result,judge_rt,line_pos,payoff_solo,payoff_jitter,payoff_group,choice,choice_rt,option_pos,rating,rating_rt,rating_init,rating_history,iti
group_prac,33,1,post,-3,16,anticlockwise,anticlockwise,correct,1.0801761940019787,ca,550,10,500,solo,4.035372923000978,gs,5.0,3.7684334490004403,5,"[(5, 0.00035633999868878163), (5, 3.7692825730009645)]",0.4633189476651338
group_prac,33,2,post,3,64,clockwise,clockwise,correct,0.9061507660007919,ac,1150,-10,500,group,3.804583157001616,sg,4.0,1.163576466999075,4,"[(4, 0.0004736320006486494), (4, 1.1643333679967327)]",0.4688556455772628
group_prac,33,3,pre,3,16,clockwise,clockwise,correct,1.0725320809979166,ac,500,-10,500,group,6.044333412999549,gs,6.0,2.3956537680023757,4,"[(4, 0.0004773900000145659), (5, 1.6606745579993003), (6, 1.9166365099990799), (6, 2.396564684000623)]",0.5475608466597213
group_prac,33,4,post,-3,8,anticlockwise,anticlockwise,correct,0.9004514309999649,ac,770,10,500,solo,0.8224199860014778,gs,4.0,2.476565908000339,3,"[(3, 0.00047082699893508106), (4, 2.0454490090014588), (4, 2.477326844000345)]",0.4645178370892578
group_prac,33,5,post,-3,32,clockwise,anticlockwise,wrong,0.8292414890020154,ca,1400,0,500,solo,1.314705420001701,gs,3.0,1.7474867749988334,6,"[(6, 0.00047065000035217963), (5, 0.9806552720001491), (4, 1.1884419249981875), (3, 1.3644259299981059), (3, 1.7481873179967806)]",0.5582119200334397
group_prac,33,6,post,-3,64,clockwise,anticlockwise,wrong,1.139461939001194,ac,850,0,500,group,2.2048316870022973,sg,3.0,2.138619320001453,6,"[(6, 0.0005494289980561007), (5, 0.9236487720008881), (4, 1.1154383640023298), (3, 1.723586611002247), (3, 2.1395240090023435)]",0.5404126966054111
group_prac,33,7,post,3,8,clockwise,clockwise,correct,0.7299971289976384,ca,1040,0,500,solo,0.6592842080026458,sg,4.0,2.3026970850005455,2,"[(2, 0.0004737780000141356), (3, 0.7995601799993892), (4, 1.3914345699995465), (4, 2.3035032039988437)]",0.5716975348725215
group_prac,33,8,post,3,16,clockwise,clockwise,correct,0.6685119880021375,ac,640,0,500,solo,0.7762830720021157,gs,2.0,1.3916940550006984,3,"[(3, 0.000519168002938386), (2, 0.8327095290005673), (2, 1.3925806590013963)]",0.4166289022290195
group_prac,33,9,post,3,32,clockwise,clockwise,correct,0.7977845200002776,ca,940,10,500,solo,0.948642988998472,sg,2.0,1.7807149380023475,1,"[(1, 0.0005642539981636219), (2, 0.7736310479995154), (2, 1.7814654079993488)]",0.5191310243052947
