task,id,trial,order,ori_mean,ori_var,judge,answer,result,judge_rt,line_pos,payoff_solo,payoff_jitter,payoff_group,choice,choice_rt,option_pos,rating,rating_rt,rating_init,rating_history,iti
group_prac,17,1,post,3,16,anticlockwise,clockwise,wrong,0.7900010739977006,ac,1270,-10,500,solo,1.4528624570011743,sg,3.0,3.9285439669984044,2,"[(2, 0.0003624340024543926), (3, 3.4816865009997855), (3, 3.929435239002487)]",0.4227260902527033
group_prac,17,2,post,3,8,clockwise,clockwise,correct,1.0277065670015872,ca,550,10,500,solo,1.7289713940008369,gs,3.0,2.5459974329969555,6,"[(6, 0.0004706539984908886), (5, 1.0431026389996987), (4, 1.4748992239983636), (3, 1.794903236997925), (3, 2.546909799999412)]",0.47989531277279845
group_prac,17,3,post,-3,32,anticlockwise,anticlockwise,correct,0.8516049480022048,ca,1400,0,500,solo,1.1449365529988427,sg,2.0,2.8649074679997284,1,"[(1, 0.0004826139993383549), (2, 2.0979298599995673), (2, 2.8658142579988635)]",0.4852791800772447
group_prac,17,4,post,3,32,clockwise,clockwise,correct,0.7541571910005587,ac,590,10,500,solo,1.1779816710004525,gs,3.0,1.9689950399988447,3,"[(3, 0.0004739420000987593), (3, 1.969996923002327)]",0.5833532697013594
group_prac,17,5,post,-3,64,anticlockwise,anticlockwise,correct,2.7002128649983206,ca,1040,0,500,solo,0.9032696089998353,gs,1.0,1.1134877910008072,3,"[(3, 0.0005128929988131858), (2, 0.3945420349991764), (1, 0.6827678240006207), (1, 1.1145761349980603)]",0.4285358902326739
group_prac,17,6,post,-3,16,anticlockwise,anticlockwise,correct,1.0082488389998616,ca,700,-10,500,solo,1.262845732999267,sg,5.0,2.8196498850011267,3,"[(3, 0.0004872879981121514), (4, 1.5567963540015626), (5, 2.3405368710009498), (5, 2.8204328890024044)]",0.5594357611556195
group_prac,17,7,post,3,64,clockwise,clockwise,correct,0.5692361449982855,ac,770,0,500,solo,1.1618677380029112,sg,6.0,1.153075581001758,5,"[(5, 0.0004790999992110301), (6, 0.5942330750003748), (6, 1.153892337999423)]",0.4919606165759176
group_prac,17,8,pre,3,32,clockwise,clockwise,correct,0.7326680270016368,ac,1150,-10,500,solo,4.519395960000111,sg,3.0,1.9421290459977172,2,"[(2, 0.0004895960009889677), (3, 1.4309982669983583), (3, 1.9430286989991146)]",0.43158491087669615
group_prac,17,9,post,-3,8,anticlockwise,anticlockwise,correct,0.6219015130009211,ac,500,0,500,group,2.8446622860028583,gs,5.0,2.112167857001623,4,"[(4, 0.00048033900020527653), (5, 1.4572798190019967), (5, 2.1129018280007585)]",0.507786149086492
