task,id,trial,order,ori_mean,ori_var,judge,answer,result,judge_rt,line_pos,payoff_solo,payoff_jitter,payoff_group,choice,choice_rt,option_pos,rating,rating_rt,rating_init,rating_history,iti
group_prac,13,1,post,-3,32,anticlockwise,anticlockwise,correct,1.5581489739997778,ca,550,-10,500,group,3.2465441820004344,gs,3.0,3.923064503000205,3,"[(3, 0.00038320899875543546), (3, 3.9240898239986564)]",0.43715268311679656
group_prac,13,2,post,-3,8,anticlockwise,anticlockwise,correct,1.0670752930000162,ac,1400,0,500,solo,1.0142547039995407,gs,5.0,4.89969529299924,3,"[(3, 0.0005115919993841089), (4, 0.5646004659993196), (5, 4.356750339999053), (5, 4.900688876999993)]",0.5671296729219134
group_prac,13,3,post,3,16,clockwise,clockwise,correct,0.8563451820009504,ac,850,-10,500,solo,3.580614266000339,sg,4.0,3.82727087999956,4,"[(4, 0.000506630000018049), (4, 3.8282676830003766)]",0.5042814416546075
group_prac,13,4,post,-3,16,anticlockwise,anticlockwise,correct,0.8298157489989535,ac,940,0,500,solo,1.2190423340016423,sg,5.0,2.8081599830002233,3,"[(3, 0.0005132749993208563), (4, 1.6571825060000265), (5, 1.9770731490007165), (5, 2.8089782269998977)]",0.595666391887542
group_prac,13,5,post,3,32,clockwise,clockwise,correct,2.653263236999919,ca,770,10,500,group,1.850988537999001,sg,3.0,3.3024203200002376,2,"[(2, 0.0005128829998284345), (3, 2.455348141000286), (3, 3.303304721999666)]",0.5278356527708254
group_prac,13,6,pre,3,8,clockwise,clockwise,correct,0.9299620580004557,ac,590,10,500,group,6.677516687999741,sg,4.0,4.3077901959986775,2,"[(2, 0.0004909110011794837), (3, 2.5968429569984437), (4, 3.764798959999098), (4, 4.308799737998925)]",0.4866435615524607
group_prac,13,7,post,-3,64,anticlockwise,anticlockwise,correct,2.0270893560009426,ca,1150,0,500,group,2.367844091000734,sg,3.0,3.479860428000393,4,"[(4, 0.0004935229990223888), (3, 1.1767945290011994), (3, 3.480818891001036)]",0.575286096348809
group_prac,13,8,post,3,64,clockwise,clockwise,correct,1.0477684580000641,ac,1270,10,500,solo,1.6521527320001042,gs,4.0,2.279755985999145,6,"[(6, 0.0004926120000163792), (5, 0.7767755539989594), (4, 1.8646942599989416), (4, 2.2805475059994933)]",0.4073067692899243
group_prac,13,9,post,3,8,clockwise,clockwise,correct,1.3757251999995788,ca,700,-10,500,solo,2.1590722519995325,sg,5.0,2.4635401949999505,5,"[(5, 0.0005115949988976354), (5, 2.464319990000149)]",0.5931964691387874
