task,id,trial,order,ori_mean,ori_var,judge,answer,result,judge_rt,line_pos,payoff_solo,payoff_jitter,payoff_group,choice,choice_rt,option_pos,rating,rating_rt,rating_init,rating_history,iti
group_prac,7,1,post,3,16,clockwise,clockwise,correct,0.9084043429975281,ac,850,0,500,group,1.3756584399998246,sg,4.0,2.4780280209997727,4,"[(4, 0.00037407099807751365), (4, 2.4789996899999096)]",0.5942571727361302
group_prac,7,2,post,-3,64,anticlockwise,anticlockwise,correct,0.9006961129998672,ca,1270,0,500,solo,1.2235080450009264,sg,2.0,3.5974114629971154,2,"[(2, 0.0005113450024509802), (3, 1.1023730720007734), (4, 1.358331385999918), (5, 1.5343647260015132), (4, 2.7822742800017295), (3, 3.022303700003249), (2, 3.358268425003189), (2, 3.598321694000333)]",0.42632891325772293
group_prac,7,3,post,-3,8,anticlockwise,anticlockwise,correct,0.5441791370030842,ca,1400,10,500,solo,1.4567884019998019,gs,2.0,0.7658065620016714,2,"[(2, 0.0004960860023857094), (2, 0.7668169569988095)]",0.5913983822485583
group_prac,7,4,post,-3,16,clockwise,anticlockwise,wrong,0.5944276350019209,ac,940,0,500,group,1.4250046990018745,gs,4.0,0.7824332920026791,4,"[(4, 0.0005195499979890883), (4, 0.7832021649992384)]",0.5701690329589597
group_prac,7,5,post,3,8,clockwise,clockwise,correct,0.5053528270000243,ac,770,0,500,group,0.8919241619987588,sg,4.0,0.7188534269989759,4,"[(4, 0.0004700720019172877), (4, 0.719754986002954)]",0.42290311197486863
group_prac,7,6,post,3,64,clockwise,clockwise,correct,0.4910697080013051,ac,550,0,500,group,0.6542710220019217,sg,4.0,0.6825641830000677,4,"[(4, 0.0005422309986897744), (4, 0.6835299519989348)]",0.43642922071299195
group_prac,7,7,pre,-3,64,clockwise,anticlockwise,wrong,1.0744125619967235,ac,1150,10,500,group,4.340601519001211,gs,2.0,2.2380104469993967,1,"[(1, 0.0005253679992165416), (2, 0.8949360560000059), (3, 1.2630789510003524), (2, 1.7428848660019867), (2, 2.2389275720015576)]",0.4078253795531308
group_prac,7,8,post,3,32,clockwise,clockwise,correct,0.5414675490028458,ac,640,0,500,group,0.6708226780028781,sg,5.0,1.2745621930007474,2,"[(2, 0.000606225999945309), (3, 0.6196305599987681), (4, 0.7954604019978433), (5, 0.98754898399784), (5, 1.2753902499971446)]",0.45339088562640883
group_prac,7,9,post,-3,32,anticlockwise,anticlockwise,correct,0.9880792129988549,ac,1040,0,500,group,1.8512189379980555,gs,4.0,0.839902080999309,4,"[(4, 0.000521542999194935), (4, 0.8407552959979512)]",0.5268872028773738
