task,id,trial,order,ori_mean,ori_var,judge,answer,result,judge_rt,line_pos,payoff_solo,payoff_jitter,payoff_group,choice,choice_rt,option_pos,rating,rating_rt,rating_init,rating_history,iti
group_prac,59,1,post,3,64,clockwise,clockwise,correct,1.9795563820007374,ca,500,10,500,group,2.4354650730001595,gs,2.0,6.679677609001374,1,"[(1, 0.00036965599974791985), (2, 2.5046706419998372), (3, 3.016707824999685), (2, 4.456519171999389), (2, 6.680589826999494)]",0.5703288542941473
group_prac,59,2,post,3,32,anticlockwise,clockwise,wrong,2.0002080200010823,ca,1270,10,500,solo,2.4552867689999403,gs,4.0,5.083069049998812,6,"[(6, 0.0005218460009928094), (5, 1.9801242160010588), (4, 3.036034598000697), (4, 5.083832893000363)]",0.5875552975353172
group_prac,59,3,post,3,16,clockwise,clockwise,correct,1.0791128710006888,ac,850,-10,500,solo,0.9626503219988081,gs,3.0,4.673785119999593,2,"[(2, 0.0004994930004613707), (3, 2.3227158290010266), (3, 4.674768964001487)]",0.48540133200851404
group_prac,59,4,post,-3,32,anticlockwise,anticlockwise,correct,0.7486894030007534,ca,590,10,500,solo,0.6455890540000837,gs,2.0,1.7296575170003052,3,"[(3, 0.0005180999996809987), (2, 1.170716012999037), (2, 1.7304842749999807)]",0.529378149839511
group_prac,59,5,post,-3,64,anticlockwise,anticlockwise,correct,0.8340163860011671,ca,1040,0,500,solo,0.7752023920002102,gs,2.0,2.3017864229987026,1,"[(1, 0.0005102719987917226), (2, 1.838882783000372), (2, 2.30257179200089)]",0.5378192838600346
group_prac,59,6,post,3,8,clockwise,clockwise,correct,0.633556666000004,ca,1150,0,500,solo,0.5831589389999863,sg,1.0,0.8844111660000635,1,"[(1, 0.0007254160009324551), (1, 0.885405835999336)]",0.4928050339711935
group_prac,59,7,post,-3,8,anticlockwise,anticlockwise,correct,0.6152334369999153,ca,640,0,500,solo,0.8221100150003622,gs,5.0,5.418610073000309,4,"[(4, 0.0005113999995955965), (3, 0.7155806820010184), (4, 4.107536097000775), (5, 4.3956393000007665), (5, 5.419568826000614)]",0.4922383142739886
group_prac,59,8,pre,-3,16,anticlockwise,anticlockwise,correct,0.6289151960008894,ac,770,-10,500,solo,5.429364883000744,sg,5.0,6.033345153000482,5,"[(5, 0.0004891659991699271), (4, 5.05846747599935), (5, 5.7782809430009365), (5, 6.034224491999339)]",0.46539080027109786
group_prac,59,9,post,-3,16,anticlockwise,anticlockwise,correct,0.5025903959995048,ac,940,10,500,solo,0.5209093560006295,sg,5.0,0.9374263070003508,4,"[(4, 0.0005175019996386254), (5, 0.7143456030007655), (5, 0.9382892250014265)]",0.5362004900280453
