task,id,trial,order,ori_mean,ori_var,judge,answer,result,judge_rt,line_pos,payoff_solo,payoff_jitter,payoff_group,choice,choice_rt,option_pos,rating,rating_rt,rating_init,rating_history,iti
group_prac,51,1,post,-3,64,clockwise,anticlockwise,wrong,1.03086094900209,ca,500,0,500,solo,2.4525289890007116,sg,2.0,4.713859775001765,2,"[(2, 0.00035356400258024223), (3, 2.0590261050019762), (2, 4.442851347001124), (2, 4.714632906001498)]",0.4753919489928521
group_prac,51,2,post,-3,16,clockwise,anticlockwise,wrong,1.0593690249988867,ac,1270,10,500,solo,1.4873622199993406,gs,5.0,2.6347130319991265,3,"[(3, 0.00046669299990753643), (4, 1.2596984109986806), (5, 1.8037915150016488), (5, 2.635476497998752)]",0.5057378292990314
group_prac,51,3,pre,3,8,clockwise,clockwise,correct,0.7528475809995143,ca,550,0,500,group,4.675656916999287,gs,6.0,1.6249549589992967,5,"[(5, 0.0004785409983014688), (6, 1.1939697910020186), (6, 1.6258465600003547)]",0.4770564056696829
group_prac,51,4,post,3,64,clockwise,clockwise,correct,1.3076537340020877,ac,770,10,500,group,1.422663001001638,sg,1.0,1.1970714620001672,2,"[(2, 0.0004931460025545675), (1, 0.6858469029975822), (1, 1.198004399000638)]",0.5634477307585645
group_prac,51,5,post,3,16,clockwise,clockwise,correct,0.9821721059997799,ac,1150,10,500,solo,1.3505499310012965,gs,3.0,1.1260081040018122,4,"[(4, 0.0005048209968663286), (3, 0.6149310399996466), (3, 1.1269413900008658)]",0.4164673389993409
group_prac,51,6,post,3,8,clockwise,clockwise,correct,0.8797269460010284,ca,640,10,500,solo,0.9631728489985107,gs,5.0,1.634139009998762,4,"[(4, 0.00047400000039488077), (5, 1.187195521000831), (5, 1.6350118609989295)]",0.5009464470093392
group_prac,51,7,post,3,32,clockwise,clockwise,correct,1.15982829800123,ca,590,10,500,solo,4.160407411000051,gs,4.0,1.9525393990006705,6,"[(6, 0.0004755459995067213), (5, 0.7375821299974632), (4, 1.5374673299993447), (4, 1.9534928260000015)]",0.5016670234680523
group_prac,51,8,post,-3,32,clockwise,anticlockwise,wrong,0.824781487997825,ca,940,-10,500,solo,1.3103652099998726,gs,3.0,2.7528289769979892,2,"[(2, 0.0005009540000173729), (3, 2.0817791480003507), (3, 2.7536589650007954)]",0.49608026667382094
group_prac,51,9,post,-3,8,anticlockwise,anticlockwise,correct,0.7491630929980602,ac,1400,10,500,solo,1.4612849510012893,gs,5.0,1.4730924670002423,6,"[(6, 0.0004954210016876459), (5, 0.8339489409991074), (5, 1.4738898159994278)]",0.4329810917032291
