task,id,accuracy_mean,accuracy_sd,accuracy_self
dist,41,78.56394129979036,8.320754716981133,79.35010482180293
