task,id,accuracy_mean,accuracy_sd,accuracy_self
dist,36,69.39203354297695,8.179245283018869,66.11635220125787
