task,id,accuracy_mean,accuracy_sd,accuracy_self
dist,13,56.55136268343816,4.688679245283019,48.558700209643604
