task,id,accuracy_mean,accuracy_sd,accuracy_self
dist,14,75.68134171907758,8.650943396226417,76.20545073375263
