task,id,accuracy_mean,accuracy_sd,accuracy_self
dist,18,55.24109014675052,6.339622641509434,47.77253668763103
