task,id,accuracy_mean,accuracy_sd,accuracy_self
dist,7,75.02620545073376,18.9811320754717,43.9727463312369
