task,id,accuracy_mean,accuracy_sd,accuracy_self
dist,26,78.30188679245283,3.7452830188679247,76.20545073375263
