task,id,accuracy_mean,accuracy_sd,accuracy_self
dist,47,86.9496855345912,7.660377358490567,79.87421383647799
