task,id,accuracy_mean,accuracy_sd,accuracy_self
dist,39,69.5230607966457,6.8113207547169825,61.268343815513624
