task,id,accuracy_mean,accuracy_sd,accuracy_self
dist,38,69.39203354297695,10.018867924528303,64.54402515723271
