task,id,accuracy_mean,accuracy_sd,accuracy_self
dist,31,71.22641509433961,7.707547169811322,73.71593291404612
