task,id,accuracy_mean,accuracy_sd,accuracy_self
dist,4,66.24737945492663,4.216981132075472,60.74423480083857
