task,id,accuracy_mean,accuracy_sd,accuracy_self
dist,19,60.35115303983228,9.264150943396228,69.39203354297693
