task,id,accuracy_mean,accuracy_sd,accuracy_self
dist,9,71.88155136268344,6.764150943396227,71.88155136268344
