task,id,accuracy_mean,accuracy_sd,accuracy_self
dist,3,88.3909853249476,4.830188679245284,87.9979035639413
