task,id,accuracy_mean,accuracy_sd,accuracy_self
dist,23,86.16352201257862,4.688679245283019,80.66037735849056
