task,id,accuracy_mean,accuracy_sd,accuracy_self
dist,8,79.48113207547169,8.179245283018869,84.46016771488469
