task,id,accuracy_mean,accuracy_sd,accuracy_self
dist,6,71.75052410901468,8.132075471698112,75.68134171907757
