task,id,accuracy_mean,accuracy_sd,accuracy_self
dist,51,57.337526205450736,6.056603773584906,53.013626834381554
