task,id,accuracy_mean,accuracy_sd,accuracy_self
dist,22,80.13626834381552,6.622641509433963,79.87421383647799
