task,id,accuracy_mean,accuracy_sd,accuracy_self
dist,34,68.34381551362684,7.424528301886793,64.54402515723271
