task,id,accuracy_mean,accuracy_sd,accuracy_self
dist,17,50.13102725366876,11.339622641509434,58.5167714884696
