task,id,accuracy_mean,accuracy_sd,accuracy_self
dist,49,55.634171907756816,5.113207547169812,53.5377358490566
