task,id,accuracy_mean,accuracy_sd,accuracy_self
dist,48,59.30293501048218,5.443396226415095,38.86268343815513
