task,id,accuracy_mean,accuracy_sd,accuracy_self
dist,29,75.68134171907758,9.924528301886792,84.98427672955975
