task,id,accuracy_mean,accuracy_sd,accuracy_self
dist,50,58.38574423480084,5.254716981132075,59.827044025157235
