task,id,accuracy_mean,accuracy_sd,accuracy_self
dist,55,82.88784067085953,6.764150943396227,84.98427672955975
