task,id,accuracy_mean,accuracy_sd,accuracy_self
dist,37,59.827044025157235,9.31132075471698,52.358490566037744
