task,id,accuracy_mean,accuracy_sd,accuracy_self
dist,54,80.13626834381552,7.849056603773585,77.3846960167715
