task,id,accuracy_mean,accuracy_sd,accuracy_self
dist,46,66.37840670859539,10.066037735849058,73.32285115303984
