task,id,accuracy_mean,accuracy_sd,accuracy_self
dist,62,84.85324947589099,6.669811320754717,78.95702306079664
