task,id,accuracy_mean,accuracy_sd,accuracy_self
dist,58,62.4475890985325,9.075471698113208,57.73060796645703
