task,id,accuracy_mean,accuracy_sd,accuracy_self
dist,44,70.83333333333334,6.905660377358491,55.11006289308176
