task,id,accuracy_mean,accuracy_sd,accuracy_self
dist,61,65.33018867924528,8.79245283018868,64.937106918239
